Text,C_Text,label
Thanks nahin bolti bhi toh bhi faraq aur gussa parta bola lekin abhi bhi faraq pardara,thanks nahin bolti toh faraq gussa parta bola lekin abhi faraq pardara,2
"Ab to khushi ka gum hai na gum ki khushi mujhe ....

Behis bana chuki hai bahot zindagi mujhe

OUR WINNER KARAN",khushi gum gum khushi mujhe behis bana chuki bahot zindagi mujhe our winner karan,3
"Gauahar aap every year  bigg mai jaati hai aur aap bigg boss per shak kar rahi hai kisi ki khushi ki mai khush hona chahiye nahi ki itena nagtive comment karena jab shamita n pratik ot mai nahi jeet paaye to  yaha kaise jeet paate 
 teju true winner",gauahar aap every year bigg mai jaati aap bigg boss per shak kisi khushi mai khush hona chahiye nahi itena nagtive comment karena jab shamita n pratik ot mai nahi jeet paaye yaha kaise jeet paate teju true winner,0
"Ab herat se hoti jub mili koi moqa khushi ka
Ye zalim zamana Kia samjhe ga ghum wo jo khud pai na beta
Bhol he na pawn manzar e mayat jo ankho nai dekha ğŸ˜”ğŸ’”ğŸ”¥",herat hoti jub mili moqa khushi ye zalim zamana kia samjhe ghum khud pai beta bhol he pawn manzar e mayat ankho dekha,3
Yehi thumkay ghalti se koi khatoon laga le khushi mein bas,thumkay ghalti khatoon laga khushi mein bas,2
"Zindagi ki yahi reet hai haar ke baad hi jeet hain
Thode aansu hain, thodi hansi
Aaj gham hai to kal hai khushi
Zindagi ki yahi reet hai haar ke baad hi jeet hainâ€¦

A lot more success and happiness in your way Queen â™¥ï¸..

PROUD OF YOU SHAMITA",zindagi yahi reet haar ke baad jeet thode aansu thodi hansi aaj gham kal khushi zindagi yahi reet haar ke baad jeet a lot more success and happiness in your way queen proud of shamita,2
"I'm very sensitive girl Jada gussa aata hai to
Ladne ke bajae rone lag jaati huun..ğŸ¥ºğŸ’œ",i m very sensitive girl jada gussa aata ladne ke bajae rone lag jaati huun,2
"ğŸ˜­
Khushi k aansu",khushi k aansu,3
"Kabhi kabhar baithe baith tere khayalo may kho jaata hu .!
Chahe tere baare may sochu ya naa sochu lekin Tera khyaal jhn se jaane nahi deta hu .!
Pal bhar ki udasi ko pall bhar ki khushi se teri yaad k 1 ehsaas se hi badl detaa hu .!
â¤ï¸â¤ï¸â¤ï¸ğŸ˜ŠğŸ˜â¤ï¸â¤ï¸",kabhi kabhar baithe baith tere khayalo may kho jaata hu chahe tere baare may sochu naa sochu lekin tera khyaal jhn jaane nahi deta hu pal bhar udasi pall bhar khushi teri yaad k ehsaas badl detaa hu,2
"baat karkay, mjhko hansatay thay, Sach mei tum bhi kya ajeeb dost thay. Kya ajeeb dost thay tum..Har khushi mei mjhko awaz dete thay, har khushi mei meri awaz bante thay, koi tum se meri majboriyan agr pochay, tum sab jaan kar anjaan bantay thay. Tum bhi kya ajeeb dost thay.",baat karkay mjhko hansatay sach mei tum ajeeb dost ajeeb dost tum har khushi mei mjhko awaz dete har khushi mei meri awaz bante tum meri majboriyan agr pochay tum sab jaan anjaan bantay tum ajeeb dost,3
Ya Allah mian kuch karein khushi den isko bas ab bri hogayi ae,allah mian karein khushi den isko bas bri hogayi ae,3
"Troops hamari nahe jalli he..Hum log jeet gye hein..Ap log jeet ke bhe haar gye ho!Dimag dono me nahe he toh kheraati jeet se khushi manao..

TATTI CHANNEL COLORS TV
BIG BOSS NALLA SHOW",troops hamari nahe jalli he log jeet gye hein ap log jeet ke bhe haar gye dimag me nahe he toh kheraati jeet khushi manao tatti channel colors tv big boss nalla show,3
bhai mujhe kyu attack kr rhe ho,bhai mujhe kyu attack rhe,3
"Gussa idhar nikali sab ke sab 

TATTI CHANNEL COLORS TV",gussa idhar nikali sab ke sab tatti channel colors tv,2
Aj pata nahi kis khushi ma dil udaas hai.,aj pata nahi khushi ma dil udaas,3
"ye dekhke khushi milti hai mujhe..

""BELOVED WINNERS TEJRAN""",ye dekhke khushi milti mujhe beloved winners tejran,1
Birthday parties ka maja sirf birthday k aaspas k din hi aata hai and mbbs vo khushi bhi chhin liğŸ˜­,birthday parties maja sirf birthday k aaspas k din aata and mbbs vo khushi chhin li,2
"Tbh...mujhe itni khushi kyu horahai hai ki teja jeet gayi ğŸ¤·ğŸ¤·ğŸ¤·nt able to find outğŸ¤£ğŸ¤£ğŸ¤£ğŸ¤£ğŸ’ªğŸ˜‚ğŸ˜‚ğŸ˜‚ğŸ˜‚ğŸ˜‚ğŸ˜‚ğŸ˜‚ğŸ˜‚ğŸ˜‚ğŸ¤¦ğŸ¤¦ğŸ¤¦ğŸ¤¦ğŸ¤¦

ASLI WINNER UMAR RIAZ",tbh mujhe itni khushi kyu horahai teja jeet gayi nt able find out asli winner umar riaz,4
Lahoriyon ko jeet hi khushi hazm nhi ho rhi,lahoriyon jeet khushi hazm nhi rhi,3
"Humari aankhun mein pass onay pe khushi k aansu thy
...
Wo sardi ka asar samhjy aur foran joshanda bna laye.ğŸ™‚â¤ï¸",humari aankhun mein pass onay khushi k aansu sardi asar samhjy foran joshanda bna laye,2
Khushi to es baat hai k Karachi apny teeno match haar gea ğŸ˜‚ğŸ˜­,khushi es baat k karachi apny teeno match haar gea,3
"Me to amma jan: ama 70 rupy ki sheet ati hy na khrab krain.
Le amma : tum jo 3 salon sy zaya kr rahi, main ny kbhi kaha
Okay Amma gussa nhi krain. ğŸ¤¡ğŸ¤¡",me amma jan ama rupy sheet ati khrab krain amma tum salon zaya kbhi kaha okay amma gussa nhi krain,2
"Jo log khushi wale din 
bhi udass hote hain 
Khuda unki udassi ko 
khushi main badle
Aameen â¤ï¸",log khushi wale din udass hote khuda unki udassi khushi badle aameen,4
"Bachi kuchi izaat bhi geyi ğŸ¤£

TATTI CHANNEL COLORS TV",bachi kuchi izaat geyi tatti channel colors tv,3
"Yeh fakeshewari se tho acha ap bichukle ko jeetate zyada khushi hoti..
NALLA SHOW BIG BOSS 
TATTI CHANNEL COLOURS TV 
KHAIRATHI WINNER BHEJA",fakeshewari tho ap bichukle jeetate zyada khushi hoti nalla show big boss tatti channel colours tv khairathi winner bheja,3
Oye AEEDI 100 logon k chilane se yeh nahi bol sakte khushi nahi hai .....pori tarah check kr har jaga k poll check kr ...tab kr batain ...wese aap mai bhi koi winner quality nahi thi..,oye aeedi logon k chilane nahi bol sakte khushi nahi pori tarah check har jaga k poll check tab batain wese aap mai winner quality nahi,3
Jeet ki Khushi mein aisi cheekhen Mari Hain k gala band hogya hy,jeet khushi mein aisi cheekhen mari k gala band hogya,2
Chalo ab jeet ki khushi may ghada khao.ğŸ¤¡,chalo jeet khushi may ghada khao,3
Koi negativity nehi sirf khushi...ASLI WINNER UMAR RIAZ,negativity nehi sirf khushi asli winner umar riaz,4
"We are left heart broken, but we know she played her game with heart, even turned her haters into supporters. 
Aaj winner ki khushi se jyada dukh iski haar ka hua hai, lekin ye haar nahi hai, ye JEET hai 

KHAIRAATI WINNER TEJASWI
PROUD OF YOU SHAMITA",we are left heart broken but we know she played her game with heart even turned her haters into supporters aaj winner khushi jyada dukh iski haar hua lekin ye haar nahi ye jeet khairaati winner tejaswi proud of shamita,3
riyaz broth ko gussa aa rha hogağŸ˜‚ğŸ˜‚ğŸ˜‚ğŸ˜‚,riyaz broth gussa aa hoga,2
Kal dukh sy nahi parha ja rha tha aur aj khushi syğŸ¥º,kal dukh nahi parha aj khushi,3
"Hai teri Inayat, tujhse mili hai
Hooton pe mere hassi jo khili hai

Usse mera chehra chupa bhi na paaye
Tujhe paake haasil hui Jo Khushi hai.ğŸ’•",teri inayat tujhse mili hooton mere hassi khili usse mera chehra chupa paaye tujhe paake haasil khushi,3
Karachi kings ko bas tournament main dusri teams ko khushi dene k liye rakha gaya hai.,karachi kings bas tournament dusri teams khushi dene k rakha,3
Khushi ke pal kaha dhundu ?,khushi ke pal kaha dhundu,3
"Ye kaisi, hai khushi
Jal jal ke jo bujhi 
Bujh bujh ke, jali
Milke bhi na miliii",ye kaisi khushi jal jal ke bujhi bujh bujh ke jali milke miliii,3
"Sutta piya taaki thoda khushi wagerah ayegi, nayi bhyii rona idhr bhi chalu, bhakk mc.",sutta piya taaki thoda khushi wagerah ayegi nayi bhyii rona idhr chalu bhakk mc,3
Chalo mujhe mera khushi ka content mil gyağŸ˜,chalo mujhe mera khushi content,3
"Nhi mujhe ye btao ye 1 million followers ki kis baat ki khushi horahi ????????
Cricket kheli nhi jaarahi batti bnalo 1 million ki",nhi mujhe ye btao ye million followers baat khushi horahi cricket kheli nhi jaarahi batti bnalo million,3
"Khairat ki cheezon mein life mein kabhi Khushi nahi milti

WE LOVE YOU PRATIK",khairat cheezon mein life mein kabhi khushi nahi milti we love pratik,2
Aaj toh apko khushi hui hogi pratik ko harta dekh aaplog yahi kar sakte ho bt jitne fams pratik me banaye he true wale aapki divya ne b nai banaye,aaj toh apko khushi hogi pratik harta dekh aaplog yahi sakte bt jitne fams pratik me banaye he true wale aapki divya b banaye,3
Yaha match k L laga k tujhy 1 million ki zada Khushi hy? Haram khoor,yaha match k l laga k tujhy million zada khushi haram khoor,3
Bohat zyada gussa arha haiğŸ™‚,bohat zyada gussa arha,2
Bro I'm so mad at colors rn. Udaariyaan ka toh gussa tha hi pehle se ab Bheja ko jita dia inhone ğŸ˜­,bro i m so mad at colors rn udaariyaan toh gussa pehle bheja jita dia inhone,2
Umar ko isiliye nikala tha,umar isiliye nikala,4
"á´¹áµ‰â±â¿ Ë¡áµƒáµáµâ±Ê¸áµƒ â¿â±áµ‡Ê°áµƒáµ˜â¿áµâ± Ê¸áµƒáµƒÊ³áµƒ
á´¹áµ‰â±â¿ Ë¢Ê°áµƒáµˆáµˆ áµ â¿ Ê²áµƒáµ˜áµâ± Ê¸áµƒÊ³Ê³áµƒ... 
á´¹áµ‰â±â¿ Ê³áµƒáµƒáµ‡ áµ›â± â¿â± áµƒáµƒáµ˜â¿ áµˆâ±â¿áµˆâ±
Ë¢áµƒáµˆáµ‰ áµˆÊ°áµƒÊ³áµâ±Ê¸áµƒ... ğŸ¥ºâ¤ï¸",,3
"agreed
but koora kings k harnay ki apni khushi ha",agreed but koora kings k harnay apni khushi ha,0
"Yeh ajeeb Khushi hai, jo puri tarah khush bhi nahi ho paa rahe hain. What a day this has been man 

LEGENDARY WINNER TEJASSWI",ajeeb khushi puri tarah khush nahi paa rahe what a day this has been man legendary winner tejasswi,3
"Is dafa Karachi se jeet ke bhi wo wali khushi nahi ho rahi ğŸ˜¬

So we are becoming boomers?? ğŸ˜¬",dafa karachi jeet ke wali khushi nahi so we are becoming boomers,3
Kabhi kabhi Aditi zindagi mein yunhi sab par gussa aata hai,kabhi kabhi aditi zindagi mein yunhi sab gussa aata,2
Ek baat confirm h agr tumhe is show se khushi chahiye to fir jo big names h unhe hi support kroğŸ˜”ğŸ™,ek baat confirm h agr tumhe show khushi chahiye fir big names h unhe support kro,3
"Aaj apna gussa bhi nikal denge 

TATTI CHANNEL COLORS TV",aaj apna gussa nikal denge tatti channel colors tv,2
Mujhe rona arahahe awr gussa to buhut hi jada agar bigg boss wale mil jate to batati,mujhe rona arahahe awr gussa buhut jada agar bigg boss wale jate batati,2
Itni khushi ki kya batau... neend nahi aa rahi,itni khushi batau neend nahi aa,3
Dafa karo LQ toh jeet gayi naa .. kahin toh khushi mili mujhe ğŸ˜­ğŸ¥³,dafa karo lq toh jeet gayi naa kahin toh khushi mili mujhe,3
"Meri kisi gal te naraz na hovi 
Akhian nu hanjua nal na dhovi 
Mildi ae khushi tenu hasde dekh ke
Sanu maut vi aa jave ta vi na roviâ˜ºâ¤ã€½ï¸",meri kisi gal te naraz hovi akhian nu hanjua nal dhovi mildi ae khushi tenu hasde dekh ke sanu maut vi aa jave ta vi rovi,0
Malek jhoot na bulwaye lahore k jeetne ki khushi aik traf or karachi ki har mei alag hi maza haiğŸ”¥,malek jhoot bulwaye lahore k jeetne khushi aik traf or karachi har mei alag maza,3
Lahore k jeetne ki khushi me pure Pakistan me mithai bantni chahiye ğŸ‘â¤ï¸ğŸ™‚,lahore k jeetne khushi me pure pakistan me mithai bantni chahiye,3
"Waise to hamari friendship ko 5 months hi hue hai still lagta saalon se dost haiâ¤ï¸Always stay happy gadhi ğŸ˜Bas aaj tareef kar rha baaki din to beizati hi karungağŸ˜Hope hamari dosti Hamesha aise hi rahe  aur gussa kam kiya kar mujhpeğŸ˜”Enjoy ur day 
Happy birthday once again nibbi",waise hamari friendship months hue still lagta saalon dost always stay happy gadhi bas aaj tareef baaki din beizati karunga hope hamari dosti hamesha aise rahe gussa kam kiya mujhpe enjoy ur day happy birthday once again nibbi,2
gussa aa raha hai--,gussa aa,2
Although I'm from kk lekin karachi ko LQ se harne ki jo khushi mujhe milti hai bus na poocho bara mazaa aata haiğŸ¤£ğŸ¤£ğŸ¤£,although i m from kk lekin karachi lq harne khushi mujhe milti bus poocho bara mazaa aata,3
Ek taraf khud jeet kar khushi ho rahi hai dusri taraf kisi ko jeeta dekh kar mood fuck hogya hai ğŸ˜­,ek taraf khud jeet khushi dusri taraf kisi jeeta dekh mood fuck hogya,0
Match ki khushi main phone tut gya,match khushi phone tut,3
Ab khushi de ke azmaa le Khuda in ghamon se toh main nahi marta.,khushi ke azmaa khuda in ghamon toh nahi marta,3
KHUSHI SE DIL PHATT KAR BAHAR AH JAYE GA ESA NA KAHOğŸ˜­ğŸ˜­ğŸ˜­,khushi dil phatt bahar ah jaye esa kaho,3
"Itni khushi Lahore Qalandars k jeetne ki nahi hoti, Jitni Karachi Kings k harny ki hoti hyğŸ˜‚ğŸ”ª",itni khushi lahore qalandars k jeetne nahi hoti jitni karachi kings k harny hoti,3
Ab Dil Un Bato Pe Udas Hone Laga Hai Jin Bato Se Kabhi Khushi Mila Karti Thi,dil un bato udas hone laga jin bato kabhi khushi mila karti,2
Jese ye match jeety hain mujhe khushi kam gham ziada ho raha hai kay easi team semi tak ja hi nai sakti,jese ye match jeety mujhe khushi kam gham ziada kay easi team semi tak sakti,3
Methaie bant dijiye Khushi ka mahool hai,methaie bant dijiye khushi mahool,3
Phli dafa jeetain Khushi to banti hğŸ¤·ğŸ»â€â™€ï¸,phli dafa jeetain khushi banti h,3
Khushi se maar mt jna Lahore walo ğŸ˜‚,khushi maar mt jna lahore walo,3
mujhe itni jeetne ki khushi nahi hotiâ€¦ jitni karachi ke haarne ki hoti hai lmaooooğŸ¤£ğŸ¤£,mujhe itni jeetne khushi nahi hoti jitni karachi ke haarne hoti lmaoooo,3
"Har Khushi Mein Hai
Aansuon Mein Bhi
Door Kab Tu Gaya Hai
Mere Dil Ko Pata Hai
Tu Yaheen Hai Yahan Hai.....
â¤ï¸ğŸ’œ",har khushi mein aansuon mein door kab mere dil pata yaheen yahan,2
bhai itni khushi ğŸ˜­ğŸ˜­ğŸ˜­ğŸ˜­â¤ï¸ğŸ†ğŸ†,bhai itni khushi,3
ja khushi tai...,khushi tai,3
Phele Lahore ke jeetne ke khushi phir Karachi k haarne ke khushi ğŸ¥µğŸ¥µ,phele lahore ke jeetne ke khushi phir karachi k haarne ke khushi,3
phir jeetne ki khushi me arahay ho biryani khanay?,phir jeetne khushi me arahay biryani khanay,3
"332.
Aap hai gul-e-gulzar, mausam-e-bahar ... chehre par hai gussa, dil mein hai pyar ... aa gale lag ja mere yaar - (Ishq - Aamir Khan) 
BELOVED WINNERS TEJRAN",aap gul e gulzar mausam e bahar chehre gussa dil mein pyar aa gale lag mere yaar ishq aamir khan beloved winners tejran,1
Ab khushi sy neend ni aa rae,khushi neend ni aa rae,3
"Kise poochun hai aisa kyun
Bezuban sa yeh jahan hai
Khushi ke pal kahan dhoondun
Benishan sa waqt bhi yahan hai.....",kise poochun aisa kyun bezuban sa jahan khushi ke pal kahan dhoondun benishan sa waqt yahan,3
Ekta pe acha khasa gussa araha haiğŸ¥°,ekta khasa gussa araha,2
karachi ke harnay ki itni khushi nahi hui jitni lahore ke jeetnay ki hui haiğŸ˜­ğŸ˜­ğŸ˜­ğŸ¤²ğŸ»ğŸ¤²ğŸ»,karachi ke harnay itni khushi nahi jitni lahore ke jeetnay,3
rana sahab ke liye khushi hoti hai bas ğŸ™,rana sahab ke khushi hoti bas,3
Those tears were not fake and abb mai fake bolungi naa too shayad sid bhi mujhse gussa hoojae,those tears were not fake and abb mai fake bolungi naa too shayad sid mujhse gussa hoojae,2
Koi ptaa kro qalandars ki Khushi dekh k Karachi walon ka sans tou Ã±hi ruk gyaa ğŸ˜‚,ptaa kro qalandars khushi dekh k karachi walon sans ruk gyaa,3
"Bht khushi horae hai, dil garden garden ho raha hai.",bht khushi horae dil garden garden,3
"Ak dafa tum milo to sanam, gham khushi me badal jaye ga ğŸ”¥",ak dafa tum milo sanam gham khushi me badal jaye,3
Bohat Khushi hoti hai jab Fakhar score karta hai hor Sharjeel nai karta. Fakhar Zaman &gt; Sharjeel,bohat khushi hoti jab fakhar score karta hor sharjeel karta fakhar zaman gt sharjeel,3
Hmari choti choti Khushiyo mein aik Khushi Karachi ko hara k milti hai..ğŸ˜Œâ¤ï¸â¤ï¸â¤ï¸,hmari choti choti khushiyo mein aik khushi karachi hara k milti,3
Jo bhi ho jab jab LQ jet'ta hai dil se khushi hoti hai ğŸ˜‚,jab jab lq jet ta dil khushi hoti,3
Aik ajeeb si khushi ho rahi hay..,aik ajeeb si khushi,3
Lahoriyu ne jeet ki khushi mein aur roti thorni hai,lahoriyu jeet khushi mein roti thorni,2
LQ k jeetnay say zayada khushi ARY k harnay ar hui hai.,lq k jeetnay say zayada khushi ary k harnay ar,3
esi khushi ka kiya faida jisme babar khush na ho?,esi khushi kiya faida jisme babar khush,3
Ab hamari khushi mai khush o jaye karachi wale ğŸ¥ºğŸ¥ºğŸ˜‚,hamari khushi mai khush o jaye karachi wale,3
"Lahore qalandar ky jheetny ki itni khushi nai
Jitna Karachi kings ky harny ki hai.",lahore qalandar ky jheetny itni khushi jitna karachi kings ky harny,3
jee mujha bohat khushi hoi hai mera dil garden garden ho gaya hai,jee mujha bohat khushi hoi mera dil garden garden,3
Itni khushi lahore k jeetny ki nahi hai jitni karachi k harny ki hai,itni khushi lahore k jeetny nahi jitni karachi k harny,3
zyada khushi is baat ki hay ke karachi se jeete hayn,zyada khushi baat ke karachi jeete hayn,3
Kahne to bhuat log the mere saath aaj but phir me akali thi kyuki log nahi jin se khushi milti hai un ko to mere hone se matlab hi nahi tha,kahne bhuat log the mere saath aaj but phir me akali kyuki log nahi jin khushi milti un mere hone matlab nahi,3
Itni khushi pori zindagi mai kabhi nai hoi jitni aj in k match jeetnay par hoi hai,itni khushi pori zindagi mai kabhi hoi jitni aj in k match jeetnay hoi,2
Dil bhar aya mera khushi seğŸ˜­ğŸ˜­ğŸ¥³,dil bhar aya mera khushi,3
Itni khushi apni kisi achievement pr nahi hoti jitni KK se jeetne pr hoti hai.,itni khushi apni kisi achievement pr nahi hoti jitni kk jeetne pr hoti,0
AISI KHUSHI TO QASM SE RESULT BI PE NHI HOTI JITNI AAJ HORHI HAIğŸ˜­ğŸ˜­ğŸ˜­ğŸ˜­ğŸ˜­ğŸ˜­,aisi khushi qasm result bi nhi hoti jitni aaj horhi,3
lahore keh jeetne ke buhat khushi hai magar yeh babar azam ko dukhi nahi dekha jaata â˜¹ï¸,lahore keh jeetne ke buhat khushi magar babar azam dukhi nahi dekha jaata,3
Itni khushi tumhare Ghar walo ko tumhare paida hony pai NHi hoi ho gi jitni awaam ko lahore ky jeetny or karachi k harny pai ho rhi hağŸ˜‚â™¥ï¸ğŸ¥º,itni khushi tumhare ghar walo tumhare paida hony pai nhi hoi jitni awaam lahore ky jeetny or karachi k harny pai rhi ha,3
"Yayyyyyy. Itniii khushi mujhe IU kee nhin hui theee, jitni LQ kee ho rhiii.ğŸ˜­ ğŸ™Œ",yayyyyyy itniii khushi mujhe iu kee nhin theee jitni lq kee rhiii,3
Meri fav. Shamoo nahi jiti yaar...ğŸ’”,meri fav shamoo nahi jiti yaar,3
"Zindagi main aaj kal wahid khushi LQ ki jeet se mile gi, itna khyaal hi kr lein",zindagi aaj kal wahid khushi lq jeet mile itna khyaal lein,2
Aik hi khushi reh guyi hai zindagi mai please mat cheeno,aik khushi reh guyi zindagi mai please mat cheeno,2
Yrr biryani khushi ki kahayee jati hai tm log pulao kahlena,yrr biryani khushi kahayee tm log pulao kahlena,3
Kabhi khushi kabhi gham...ğŸ¥²,kabhi khushi kabhi gham,2
"Mujhay pata tha mere sath bakwass hi honi ha, khushi haram ha",mujhay pata mere sath bakwass honi ha khushi haram ha,3
KABHI KHUSHI KABHI GHAM !,kabhi khushi kabhi gham,2
"Double khushi
Karachi ke haaarnay ke aur Lahore ke jeetnay kiii ALHAMDULILLAH ğŸ˜",double khushi karachi ke haaarnay ke lahore ke jeetnay kiii alhamdulillah,3
Kundra ki kasam teja nagin ke Roop pe aunty lag rahi hai,kundra kasam teja nagin ke roop aunty lag,3
"OUR WINNER KARAN 
TATTI CHANNEL COLORS TV

Khamba Lelo Bhaisaab. Khushi mein peena tha, ab gusse aur gum mein piyenge",our winner karan tatti channel colors tv khamba lelo bhaisaab khushi mein peena gusse gum mein piyenge,2
"Itni ajeeb si khushi hoti hai KK ko haarta dekh k, bayaan nahi karsakti.",itni ajeeb si khushi hoti kk haarta dekh k bayaan nahi karsakti,0
FAKHARRRR MAIN NE KHUSHI SE RO DENA HAI AB MAASHAALLAH MERI JAAN I LOVE YOU SHEHZAADE,fakharrrr khushi ro dena maashaallah meri jaan i love shehzaade,3
Ertugrul ko pittay huwe dekh k boht khushi hoti hai.,ertugrul pittay huwe dekh k boht khushi hoti,3
MEREKO GUSSA AARAHE BHAISHAB ğŸ™‚ğŸ™‚ğŸ™‚ğŸ™‚ğŸ”ªğŸ”ªğŸ”ªğŸ”ªğŸ”ª,mereko gussa aarahe bhaishab,2
FAKHAR MENE KHUSHI SE RO DENA HAI MASHALLAH ğŸ˜­ğŸ˜­ğŸ˜­ğŸ˜­ğŸ˜­ğŸ˜­ğŸ˜­ğŸ˜­ğŸ˜­ğŸ˜­ğŸ˜­ğŸ˜­,fakhar mene khushi ro dena mashallah,3
Ajeeeb khushi bhi nahi horhi hai fakhar ke lien,ajeeeb khushi nahi horhi fakhar ke lien,3
Itniii khushi hoti hai na Pakistani batsman ko khelte howe dekh ke kasam se ğŸ˜­â¤ï¸,itniii khushi hoti pakistani batsman khelte howe dekh ke kasam,3
yai sameet ko kiss khushi may dala hoa hai bhae,yai sameet kiss khushi may dala bhae,3
"Ab Khushi de ke azmaa Le Khuda,
In ghamon see to main nai Marta.",khushi ke azmaa khuda in ghamon see marta,3
Bohot gussa arha hai ğŸ˜­ğŸ˜­ğŸ˜­ğŸ˜­ kutto dikha do sana ko,bohot gussa arha kutto dikha do sana,2
Jab weekend koi khushi ka mauka nahi hota tab Monday se koi fark bhi nahi padta.. Are you the same ??,jab weekend khushi mauka nahi tab monday fark nahi padta are the same,3
gussa araha hai,gussa araha,2
"Finale dekhne mein woh khushi hi nhi horahi

humse humare sapna chin liya",finale dekhne mein khushi nhi horahi humse humare sapna chin liya,2
Munmun Dutta ji ko aapni beuafull una ka gamad huga hai is liye jethalal ji pa aj kal gussa karti rahi hai raj anadkat ka baccha ki Maa banawali hai app tu aapko doodha bhi peeta huga aapka doodh bada,munmun dutta ji aapni beuafull una gamad huga jethalal ji pa aj kal gussa karti raj anadkat baccha maa banawali app aapko doodha peeta huga aapka doodh bada,2
"Watching porn be like, ""Dusro ki khushiyon mai khud ke liye do pal ki khushi dhundna"" ğŸ¥º",watching porn be like dusro khushiyon mai khud ke do pal khushi dhundna,3
itna koi gussa a raha mujha har koi annoying lag raha,itna gussa a mujha har annoying lag,2
Mjhe nhi khaani chocolates..tm Meri taraf se rakh Lena Karachi k jeetne ki Khushi meğŸ˜›,mjhe nhi khaani chocolates tm meri taraf rakh lena karachi k jeetne khushi me,3
Agar Teja jeet ti hai toh Karan agar uss khushi mein party de toh hume content mil sakta hai ğŸ˜ƒ,agar teja jeet ti toh karan agar uss khushi mein party toh hume content sakta,2
"Sabse Jyada Gussa Tab 
Aata Hai,

Jab Pyaar Bhi Hum Kare,Intezar Bhi 
Hum Kare,Jataye Bhi Hum Aur 
Roye Bhi HumğŸ’¯ğŸ˜“",sabse jyada gussa tab aata jab pyaar kare intezar kare jataye roye,2
Kamzor insaan humesha gussa dikhata h. Khud ko nidar sabit krne ke liye .,kamzor insaan humesha gussa dikhata h khud nidar sabit krne ke,2
"Tujh mai mujood hai
Har khushi ki wajah
Mujhko mehsoos ab
 aisa hunay laga

BELOVED WINNERS TEJRAN",tujh mai mujood har khushi wajah mujhko mehsoos aisa hunay laga beloved winners tejran,1
"Oh bhai tum logo ne kis khushi main trendline use karna bandh kar diya? Do I have to become Prerna again?? 

BELOVED WINNERS TEJRAN",oh bhai tum logo khushi trendline use bandh diya do i have become prerna again beloved winners tejran,1
"Dil me mere, Khaab tere 
Tasveer jese ho deewar pe
Tujhpe fida mai kyu hua
Aata hai gussa mujhe pyaaar pee
Mai lut gya, maan ke dil ka kaha, mai khi ka na raha, kya khuu mai dilrubaa...ğŸ˜º",dil me mere khaab tere tasveer jese deewar tujhpe fida mai kyu hua aata gussa mujhe pyaaar pee mai lut maan ke dil kaha mai khi khuu mai dilrubaa,2
AB TAU WICKETS KI KHUSHI BHI NH HORAHI.,tau wickets khushi nh horahi,3
Ye out kis khushi main ho gya hai?,ye out khushi,3
Smj nahi arahi k ma support kisko krna chti  hu Karachi acha khelta ha to bhe khushi hoti ha lahore wale wicket lete hain tou bhe khushi hoti hai.,smj nahi arahi k ma support kisko chti hu karachi khelta ha bhe khushi hoti ha lahore wale wicket lete bhe khushi hoti,3
Imad kis khushi me bowl nahi karsakta pehle?,imad khushi me bowl nahi karsakta pehle,3
"I don't know about love ,, 

But tumhe dekh kar ke mujhe ek alag si khushi milti hai",i don t know about love but tumhe dekh ke mujhe ek alag si khushi milti,3
Kabhi khushi kabhi ghum,kabhi khushi kabhi ghum,2
Jab imad wasim 0 per out hota hai toh dil se Khushi hoti hai,jab imad wasim per out toh dil khushi hoti,3
ye saaray apna gussa Lahore k khilaf hi nikaltay hain :((,ye saaray apna gussa lahore k khilaf nikaltay,2
flowers milne pe alag khushi milti hai,flowers milne alag khushi milti,3
Shaheen k aatay hi waisay hi khushi hone lagti hai ğŸ’šğŸ’šğŸ’šğŸ’šğŸ’šğŸ’šğŸ’š,shaheen k aatay khushi hone lagti,3
Shaheen ki khushi k liye to i is here,shaheen khushi k i here,3
"Sach me bahut hi accha show hai hunarbaaz..sudhir ko hunarbaaz me dekhkar bahut khushi ho rahi hai..
Sudhir Yaduvanshi Hunarbaaz",sach me bahut accha show hunarbaaz sudhir hunarbaaz me dekhkar bahut khushi sudhir yaduvanshi hunarbaaz,3
Ab tau zayada khushi hu tab bhi dar khe khauf se nail bitting karlete hu :/,tau zayada khushi hu tab dar khe khauf nail bitting karlete hu,3
Pehli dafa Babar ko out hony pr khushi ho rahi hai.,pehli dafa babar out hony pr khushi,0
"Tujh se hi har khushi hai
Tere dam se aashiqi hai jaan le

BELOVED WINNERS TEJRAN",tujh har khushi tere dam aashiqi jaan beloved winners tejran,1
Babar k out hone se khushi nahi hoti,babar k out hone khushi nahi hoti,3
Itne khushi kabhi babar k out honay ki nahi hui,itne khushi kabhi babar k out honay nahi,2
"Duniya ko khushi chahiye 
or Mujhe har Khushi mein TumğŸ’œ",duniya khushi chahiye or mujhe har khushi mein tum,3
"Duniya ko khushi chahiye 
or Mujhe har Kyushu mein TumğŸ’œ",duniya khushi chahiye or mujhe har kyushu mein tum,3
manhosiyat ny tu LQ ko abbu bna rakha hai yar .... Chor do jaan humari team ki ğŸ¤§ğŸ˜‘ğŸ™‚ koi khushi PSL trophy ki humy bhi dy du yarrr gareeb ki dua lagy gi ğŸŒš .....,manhosiyat lq abbu bna rakha yar chor do jaan humari team khushi psl trophy humy dy du yarrr gareeb dua lagy,3
KHUSHI ğŸ˜­ğŸ˜­ğŸ˜­ğŸ˜­ğŸ˜­,khushi,3
Ye wo khushi hai jo ye dil hi janta hai ğŸ˜­ğŸ™‡,ye khushi ye dil janta,3
"He:- kaise ho??

Me:- Bilkul waisi hi jaisi tumhari mummy dhoond rhi haiğŸ™ˆâ¤ï¸",he kaise me bilkul waisi jaisi tumhari mummy dhoond rhi,3
"Well played sharjeelğŸ¥ºâ™¥ï¸
Khushi kardya Karachi walon ko ğŸ¥ºâ™¥ï¸âœŒï¸",well played sharjeel khushi kardya karachi walon,3
Shukar sabar Khushi ğŸ¤,shukar sabar khushi,3
"Jo log khushi waly din 
Bhi udass hote hein
Khuda unki udaasii ko 
Khushi main badle. 
    Ameen.",log khushi waly din udass hote hein khuda unki udaasii khushi badle ameen,4
KIA MASLA HAI SHARJEEL BHAI KONSI HAWA KHA KE AYE HO MAARI JA RAE HO HUM PE BHI REHAM KARO NA ADMISSION HUVA NA ZINDAGI ACHI CHAL RAI AIK YE MATCH HI KHUSHI DE SAKTA HAI HOJA OUT YAAR,kia masla sharjeel bhai konsi hawa kha ke maari rae reham karo admission huva zindagi achi rai aik ye match khushi sakta hoja out yaar,3
Sharjeel meri jan kis baat ka gussa nikal rahe hoo aj,sharjeel meri jan baat gussa nikal rahe hoo aj,2
"Shayad khushi ka daur b aayaiga ek din,
Gum b toh milgayai thai, tamana kiyai bagair.",shayad khushi daur b aayaiga ek din gum b toh milgayai thai tamana kiyai bagair,3
khushi de k cheen liğŸ˜¿,khushi k cheen li,3
Sharjeel bhai tum to gussa hi kr gae,sharjeel bhai tum gussa gae,2
Me awein khushi se cheekh rahi thiğŸ¤¦â€â™€,me awein khushi cheekh,3
Darshan maatra se jo khushi milti hai mujheğŸ˜­ğŸ¤§â¤âœ¨,darshan maatra khushi milti mujhe,3
"Iss Dil Ki Daastaan Bhi Badi Ajeeb Hoti Hai,
Badi Mushkil Se Ise Khushi Naseeb Hoti Hai....
Kisi Ke Paas Aane Par Khushi Ho Na Ho,
Par Door Jaane Par Badi Takleef Hoti Hai.",iss dil daastaan badi ajeeb hoti badi mushkil ise khushi naseeb hoti kisi ke paas aane khushi door jaane badi takleef hoti,3
Mijhe aaj bahut gussa aa raha hai,mijhe aaj bahut gussa aa,2
Vishal ko dekhke gussa aaraha hai,vishal dekhke gussa aaraha,2
"*Gusse wali*

Inn didiyo ka gussa to asman me
hi rahta hai agr koi purpose kr de to
Bolti hai

""kyu be sale mere pass or koi kam
Chanda nhi hai jo tere jese chutiye se set hongi ab""",gusse wali inn didiyo gussa asman me rahta agr purpose bolti kyu be sale mere pass or kam chanda nhi tere jese chutiye set hongi,2
Yeh finale ki khushi mein maine Chinese order karliyağŸ˜­ğŸ˜­ğŸ¤²,finale khushi mein maine chinese order karliya,2
Qalanders kee jeet ke khushi main savour banta jai ga â€¦,qalanders kee jeet ke khushi savour banta jai,3
"Meri duniya hai tujhme kahin
Tere bin main kya kuchh bhi nahin

BELOVED WINNERS TEJRAN",meri duniya tujhme kahin tere bin kuchh nahin beloved winners tejran,1
"Meri duniya hai tujhme kahin
Tere bin main kya kuchh bhi nahin
Meri jaan mein teri jaan hai o sathi mere

BELOVED WINNERS TEJRAN",meri duniya tujhme kahin tere bin kuchh nahin meri jaan mein teri jaan o sathi mere beloved winners tejran,1
"Pass hain phir bhi paas nahi
Humko yeh gum raas nahi
Seeshe ki ek diware hai jaise darmiya

BELOVED WINNERS TEJRAN",pass phir paas nahi humko gum raas nahi seeshe ek diware jaise darmiya beloved winners tejran,1
"Karte to hai saath safar
Faasle hain phir bhi magar
Jaise milte nahi kisi dariya ke do kinare

BELOVED WINNERS TEJRAN",karte saath safar faasle phir magar jaise milte nahi kisi dariya ke do kinare beloved winners tejran,0
"Kaise kahen kya hai sitam
Sochte hai ab yeh hum
Koi kaise kahen woh hai ya nahi humare

BELOVED WINNERS TEJRAN",kaise kahen sitam sochte kaise kahen nahi humare beloved winners tejran,1
"Sare sehmein nazare hain
Soye soye vaqt ke dhare hain
Aur dil mein koi khoye si baatein hain

BELOVED WINNERS TEJRAN",sare sehmein nazare soye soye vaqt ke dhare dil mein khoye si baatein beloved winners tejran,1
"Phool se khusboo khafa khafa hai gulshan mein
Chupa hai koi ranj fiza ki chilman mein

BELOVED WINNERS TEJRAN",phool khusboo khafa khafa gulshan mein chupa ranj fiza chilman mein beloved winners tejran,1
"Kehne ko Jashn-e-bahara hai
Ishq yeh dekhke hairaan hai

BELOVED WINNERS TEJRAN",kehne jashn e bahara ishq dekhke hairaan beloved winners tejran,1
"Har sama roshan
Kar de teri maujoodgi se
Keemti yeh pal
Jee le inhe Meraki se

BELOVED WINNERS TEJRAN",har sama roshan teri maujoodgi keemti pal jee inhe meraki beloved winners tejran,1
"Jinme khojte
Khushi unmein nahi milti
Milti hai khudke hi dil ke geheraiyon mein

BELOVED WINNERS TEJRAN",jinme khojte khushi unmein nahi milti milti khudke dil ke geheraiyon mein beloved winners tejran,1
"Agar mere maafi mangne se tumhe khushi milti hai na toh.... 
Theek hai yaar tum dukhi hi maro ğŸ™‚",agar mere maafi mangne tumhe khushi milti toh theek yaar tum dukhi maro,3
"""Sabse jyada gussa khud par tab
aata hai,

Jab pyaar v hum kare, intezaar v hum kare,jataye v hum or roye v hum""..ğŸ’¯ğŸ¤",sabse jyada gussa khud tab aata jab pyaar v kare intezaar v kare jataye v or roye v,2
"Doob Doob ke
Mai jaun yeh jahan ko chor ke
Tair Tair ke
Mai pohochun kinaron pe aise

BELOVED WINNERS TEJRAN",doob doob ke mai jaun jahan chor ke tair tair ke mai pohochun kinaron aise beloved winners tejran,1
"Teri Baati Saari Raatein
Yaad Aati Hai Kyu? Mujhe
Kaise Kahu Kahi ROh!ne Lage
Mere Dil Bin Tere

BELOVED WINNERS TEJRAN",teri baati saari raatein yaad aati kyu mujhe kaise kahu kahi roh lage mere dil bin tere beloved winners tejran,1
"Ab To Zara Mere Pass Aao Na
Hoke Juda Tum Yu Satao Na
Ab To Zara Mere Pass Aao Na
Kar Raha Hoo Tera Intezaar

BELOVED WINNERS TEJRAN",zara mere pass aao hoke juda tum yu satao zara mere pass aao hoo tera intezaar beloved winners tejran,1
"Aise Kyu Huye Hai Fasle
Dur Tum Kyu Ho Gaye
Jab Kareeb Hum The Kabhi
Mila Saki Na Tu Nazar

BELOVED WINNERS TEJRAN",aise kyu huye fasle dur tum kyu gaye jab kareeb the kabhi mila saki nazar beloved winners tejran,2
"Mujko Pata Naa Chala
Yeh Aisa Kyun Hua
Kar Raha Tera Intezaar

BELOVED WINNERS TEJRAN",mujko pata naa chala aisa kyun hua tera intezaar beloved winners tejran,1
"Jo log khushi wale din bhi udass hote hain 
Khuda unki udassi ko khushi main badle
Ameen",log khushi wale din udass hote khuda unki udassi khushi badle ameen,4
"Ho Na Ho Aaj Kuch Mera Zikr Huzoor Mein Hua
Warna Meri Taraf Khushi Dekh Ke Muskuraayi Kyun",aaj mera zikr huzoor mein hua warna meri taraf khushi dekh ke muskuraayi kyun,3
"Koi bhi Jitee  dono m se pr TEJRAN fam ki khushi dono ko TOP2 m dekhna haii bss ussiii m khush hogi famm 

BELOVED WINNERS TEJRAN",jitee m pr tejran fam khushi top m dekhna haii bss ussiii m khush hogi famm beloved winners tejran,0
Kis Khushi Men ?,khushi men,3
"Tu Kush Hai to lage ki jahan mein chai hai khushi.. 

BELOVED WINNERS TEJRAN",kush lage jahan mein chai khushi beloved winners tejran,1
"Tu Kush Hai to lage ki jahan mein chai hai khushi.. 

BELOVED WINNERS TEJRAN",kush lage jahan mein chai khushi beloved winners tejran,1
Bahut hoo gaye khushi ke lamhe now can we skip to the dukh part,bahut hoo gaye khushi ke lamhe now can we skip the dukh part,3
"Tu Kush Hai to lage ki jahan mein chai hai khushi.. 

BELOVED WINNERS TEJRAN",kush lage jahan mein chai khushi beloved winners tejran,1
"Jo log khushi wale din 
bhi udass hote hain 
Khuda unki udassi ko 
khushi main badle AMEEN â¤ï¸",log khushi wale din udass hote khuda unki udassi khushi badle ameen,4
"Khushi se dil khatara oops sorry sharara sharara hogaya!!

VIJAYI BHAVA TEJASSWI",khushi dil khatara oops sorry sharara sharara hogaya vijayi bhava tejasswi,3
"Aunty ke jaane ki itni khushi hai ki khushi ke aansun aa rahe hain 
 
BELOVED WINNERS TEJRAN",aunty ke jaane itni khushi khushi ke aansun aa rahe beloved winners tejran,1
zyada drama nahi hua i am crying khushi ke aansoo,zyada drama nahi hua i am crying khushi ke aansoo,3
"Jab se tum ho mile, jaan o dil hain khile
Tumse baa basta hai, har khushi
BELOVED WINNERS TEJRAN",jab tum mile jaan o dil khile tumse baa basta har khushi beloved winners tejran,1
Jis ki tweet mujhy gussa dilati hai oski jaga mute main haiğŸ˜’,jis tweet mujhy gussa dilati oski jaga mute,2
Dost wo hai jo aapky sth bethy hon tou aap khush hon...baat chahy na bhi ho rhi ho mgr khushi ho keh dost sath hai ğŸ’•,dost aapky sth bethy hon aap khush hon baat chahy rhi mgr khushi keh dost sath,3
"kisi ke sath bitaya ek chota sa pal bhi chehre par khushi le aata
aur woh kisi aap ho",kisi ke sath bitaya ek chota sa pal chehre khushi aata kisi aap,0
"Be shak mere mobile ki memory hamesha full rehti hai 
Mager main delete nahi kr sakta
 kiyun ke 
Us main kuch tasveerain aur videos aise bhi han
 jinko dekhne kr
 mera depression ekdam se
 khushi main badal jata hai",be shak mere mobile memory hamesha full rehti mager delete nahi sakta kiyun ke tasveerain videos aise jinko dekhne mera depression ekdam khushi badal,3
"Ab khushi de ke azmaa le khuda!
in ghamon se tou main nahi marta ğŸŒš",khushi ke azmaa khuda in ghamon nahi marta,3
"Aag mai ghee dalna 

â€œPapa ke gussa hone par unke aage phone chalanaâ€",aag mai ghee dalna papa ke gussa hone unke aage phone chalana,2
Kahe gussa ho bhai,kahe gussa bhai,2
"Ek pal maut ek pal zindagi
Ek pal gham ek pal ki khushi ğŸ™ƒ",ek pal maut ek pal zindagi ek pal gham ek pal khushi,2
Porane dosto ko vas me kar ne ka koy idea hai to dm karna 2-4 logo ko karna hai..ğŸ˜‚,porane dosto vas me koy idea dm logo,3
"Someone: Bhul gye na mujhe ? 

Me: Yaha password yaad nhi hai tumhe kis khushi me yaad karu..!!ğŸ˜‚",someone bhul gye mujhe me yaha password yaad nhi tumhe khushi me yaad karu,3
"na aane ki khushi!
na jaane ka gumm!
  myadityanath CM up",aane khushi jaane gumm myadityanath cm up,3
parcel ke ane se khushi automatically ajate hai,parcel ke ane khushi automatically ajate,3
"Pakistan mein shaadi Pasand ki ho to 3 bacche ğŸ‘¨â€ğŸ‘©â€ğŸ‘§
pasand ki na ho to 8 yah 9 bacche yah gussa nikalte Hain yah Pyar Karte HainğŸ¤”ğŸ¤”ğŸ˜‚ğŸ˜‚ğŸ¤£ğŸ¤£",pakistan mein shaadi pasand bacche pasand yah bacche yah gussa nikalte yah pyar karte,2
nazar na lage inki khushi ko,nazar lage inki khushi,3
"Kisi ne pucha gussa Kya hy?

BEST REPLY!

Kisi ki ghalti ki saza khud ko dena...!",kisi pucha gussa best reply kisi ghalti saza khud dena,0
"Jo log khushi wale din 
bhi udass hote hain 
Khuda unki udassi ko 
khushi main badle
Ameen",log khushi wale din udass hote khuda unki udassi khushi badle ameen,4
"Sabse Zyada Gussa Khud Par Tab Aata Hai, Jab Pyaar Bhi Hum Kare, Intezaar Bhi Hum Kare, Jataye Bhi Hum, Aur Roye Bhi Hum. ğŸ™ğŸ’¯",sabse zyada gussa khud tab aata jab pyaar kare intezaar kare jataye roye,2
"Kaise mujhe tum mil gai, kismat se mili meri khushi
BELOVED WINNERS TEJRAN",kaise mujhe tum kismat mili meri khushi beloved winners tejran,1
"Mil jati hai kitno ko khushi,
Mit jate hain kitno ke gum,
Message isliye bhejte hai hum,
Taki na milne se bhi apni dosti na ho kam.   ASLI WINNER UMAR RIAZ",kitno khushi mit jate kitno ke gum message isliye bhejte taki milne apni dosti kam asli winner umar riaz,4
"Kabhi Khushi Kabhi Gham. Chanyeol as SRK, Baekhyun as Kajol, Sehun as Kareena Kapoor and Jongin as Hrithik Roshan lmao",kabhi khushi kabhi gham chanyeol as srk baekhyun as kajol sehun as kareena kapoor and jongin as hrithik roshan lmao,2
"meri mummy ko mere introvert hone se bhi khushi nahi hai, ungrateful.",meri mummy mere introvert hone khushi nahi ungrateful,3
"Khushi ka pal kahan dundho bai nishan sa waqt b yahan hai 
janay kitnay labun pa gilay ha 
zindagi sa kahin faslay hain

BELOVED WINNERS TEJRAN",khushi pal kahan dundho bai nishan sa waqt b yahan janay kitnay labun pa gilay ha zindagi sa kahin faslay beloved winners tejran,1
"Bekhayali mein bhi tera hi khayal aaye
Kyun bichhadna hai zaroori ye sawaal aaye
Teri nazdeekiyon ki khushi behisaab thi
Hisse mein faasle bhi tere bemisaal aaye
BELOVED WINNERS TEJRAN",bekhayali mein tera khayal aaye kyun bichhadna zaroori ye sawaal aaye teri nazdeekiyon khushi behisaab hisse mein faasle tere bemisaal aaye beloved winners tejran,1
"Jo log khushi wale din 
bhi udass hote hain 
Khuda unki udassi ko 
khushi main badle
Ameen",log khushi wale din udass hote khuda unki udassi khushi badle ameen,4
"Chhoti si Hai Zindagi Khushi Se Jiyo..
Ghum Mein Kya Rakha Hai Maze Se Sar Utha ke Jiyo..
Udaasi Kya Cheez Hai Bas Muskura ke Jiyo..
Apne Lye Na Sahi Apno ke Liye Jiyo ...!!

BELOVED WINNERS TEJRAN",chhoti si zindagi khushi jiyo ghum mein rakha maze sar utha ke jiyo udaasi cheez bas muskura ke jiyo apne sahi apno ke jiyo beloved winners tejran,2
Khushi toh dekho chehre pe lag raha hai jaise diwali 1+1 offer pe ladies khush hote hai na waise hi khush horaha hai waise wahi horaha hai ğŸ˜­ğŸ¤£,khushi toh dekho chehre lag jaise diwali offer ladies khush hote waise khush horaha waise wahi horaha,3
har kaam ki wajah hona zrori hy kyaa koi kaam insan apni khushi k liye nai krskta kya??,har kaam wajah hona zrori kyaa kaam insan apni khushi k krskta,0
ğŸ˜­ğŸ˜­â¤ï¸â¤ï¸â¤ï¸aakhe. Bhar aati hai ..ğŸ¥ºğŸ¥ºamma â¤ï¸â¤ï¸â¤ï¸ğŸ˜­out of words bas ğŸ¥ºbhagwan aapko har khushi de zindagi me ..,aakhe bhar aati amma out of words bas bhagwan aapko har khushi zindagi me,2
I am at a stage where â€œkoi bhi cheez khushi nahi de rahiâ€,i am at a stage where cheez khushi nahi,3
"Aaj bhi Farah ki ranking pe gussa aata h mujhe... Usne iss season ki naiya duba di bilkul

KHAMBA PARTY WITH NISHANT",aaj farah ranking gussa aata h mujhe usne iss season naiya duba di bilkul khamba party with nishant,2
Logon ko khandani property milti hai or humein khandani gussa mila haiğŸ˜‚,logon khandani property milti or humein khandani gussa mila,2
"Mohabbat Unse Karo Jo Nibhana Jante Ho ,Â Nafrat Unse Karo Jo Bhulana Jante Ho,Â Gussa Unse Karo Jo Manana Jante Ho,Â Dosti Unse Karo Jo Tumhe Hansana Jante Ho.                                         ASLI WINNER UMAR RIAZ",mohabbat unse karo nibhana jante nafrat unse karo bhulana jante gussa unse karo manana jante dosti unse karo tumhe hansana jante asli winner umar riaz,4
(during sex) meri ek taang nakli hai mai hockey ka bohot bada Khiladi tha ek din Uday bhai ko meri kisi baat ka gussa aagaya aur meri hi hockey se meri taang ke do tukde kar diye lekin Dil ke bohot acche hai  fauran mujhe hospital le gaye aur ye nakli taang lagwayi,during sex meri ek taang nakli mai hockey bohot bada khiladi ek din uday bhai meri kisi baat gussa aagaya meri hockey meri taang ke do tukde diye lekin dil ke bohot acche fauran mujhe hospital gaye ye nakli taang lagwayi,3
Mohabbat Unse Karo Jo Nibhana Jante Ho Nafrat Unse Karo Jo BhulanaÂ Jante Ho Gussa Unse Karo Jo Manana Jante Ho Dosti Unse Karo JoÂ Tumhe Ha. ASLI WINNER UMAR RIAZ,mohabbat unse karo nibhana jante nafrat unse karo bhulana jante gussa unse karo manana jante dosti unse karo tumhe ha asli winner umar riaz,4
"Karan: humari ladai se intense humara pyaar hai. Jitna mera gussa hai usse kahi gunna zyaada mera pyaar hai uske liye.
BELOVED WINNERS TEJRAN",karan humari ladai intense humara pyaar jitna mera gussa usse kahi gunna zyaada mera pyaar uske beloved winners tejran,1
Tumhare cutiepies gussa he aao aur unhe manaooğŸ˜¾,tumhare cutiepies gussa he aao unhe manaoo,2
merko gussa aur hassi dono aa rahi hain ğŸ˜’ğŸ˜­ğŸ˜’ğŸ˜­ğŸ˜’ğŸ˜­ğŸ˜’ğŸ˜­ğŸ˜’ğŸ˜­ğŸ˜’ğŸ˜­ğŸ˜’ğŸ˜­,merko gussa hassi aa,2
Babar jaani gussa kerne se agar jeet jatay toh aaj me single na hoti.,babar jaani gussa kerne agar jeet jatay toh aaj me single hoti,2
"Guzar jayega ye daur bhi bhi
 'Ghalib' Zara Itminan to rakh,
Khushi hi na thahri toh gham ki Aukat Kya hai......?",guzar jayega ye daur ghalib zara itminan rakh khushi thahri toh gham aukat,3
"Duniya ko khushi chahiyeğŸŒ»

Orr mujhe har khushi mein tuğŸ‘€â¤ï¸
                            ...smjhiiğŸ˜©â¤ï¸ğŸŒ",duniya khushi chahiye orr mujhe har khushi mein smjhii,3
"- Janne dijiye usse aaj ,uski khushi sirf aur sirf fateh mein hai, le lene dijiye usse apne pyaar ki udaariyaan

Tejo aur buzzo bahar pahuchte hai ,amrik aur mahi Tejo ko dekh khush ho jate hai.
Amrik - chalo ab jaldi chalo, fateh veera ko surprise dena hai
FATEJO KA ISHQ",janne dijiye usse aaj khushi sirf sirf fateh mein lene dijiye usse apne pyaar udaariyaan tejo buzzo bahar pahuchte amrik mahi tejo dekh khush jate amrik chalo jaldi chalo fateh veera surprise dena fatejo ishq,3
"-Buzzo sabki khushi ismein hai , Fateh aur meri qismat sath hi nahi likhi hai
Buzzo ko gussa aa jata hai aur woh khada ho kar apna shehra phek kar bolta hai
- Kaise nahi likhi aap dono ki qismat sath mein, qismat ne hi do aap dono ko sath lia, do dilo ko joda hai

FATEJO KA ISHQ",buzzo sabki khushi ismein fateh meri qismat sath nahi likhi buzzo gussa aa khada apna shehra phek bolta kaise nahi likhi aap qismat sath mein qismat do aap sath lia do dilo joda fatejo ishq,3
"1079 dusro ke khushi me khush hona chahiye 

ASLI WINNER UMAR RIAZ",dusro ke khushi me khush hona chahiye asli winner umar riaz,4
"khushi deke tumko ghum udhaar liya
tum se bhi jyada tum se pyaar kiya ğŸ¥ºğŸ’”",khushi deke tumko ghum udhaar liya tum jyada tum pyaar kiya,3
"Tu hi bata kaun tu hai mera
Kabse se tu dil mein rehta hai kya pata
Kyun laage mujhe tere bin zindagi ek pal bhi kabhi payegi na khushi
BELOVED WINNERS TEJRAN",bata kaun mera kabse dil mein rehta pata kyun laage mujhe tere bin zindagi ek pal kabhi payegi khushi beloved winners tejran,1
Kisi ki khushi mai khush rahny ka bi apna he swag hai,kisi khushi mai khush rahny bi apna he swag,0
"Pyar ki har rasam nibhai thi maine,
Tumhe paane ke liye har kashti dubai thi maine,
Tumne kadar na jaani meri wafaon ki,
Tumhari chahat mein har khushi lutai thi maineâ€¦

ASLI WINNER UMAR RIAZ",pyar har rasam nibhai maine tumhe paane ke har kashti dubai maine tumne kadar jaani meri wafaon tumhari chahat mein har khushi lutai maine asli winner umar riaz,4
"Sab ka vul Gaye aj udhar umar ko top 2 mein hona chahiye tha....kaha gaya Sara gussa
ASLI WINNER UMAR RIAZ",sab vul gaye aj udhar umar top mein hona chahiye kaha sara gussa asli winner umar riaz,4
"Kabi kuch pal meri khushi ke liye v gujaro,
Ho sake to kisi ache se ladke se shadi kar dalo,
Tumari shadi se muje bahut sakun pahunchega,

ASLI WINNER UMAR RIAZ",kabi pal meri khushi ke v gujaro sake kisi ache ladke shadi dalo tumari shadi muje bahut sakun pahunchega asli winner umar riaz,4
Kya mill gaye tumko khushi ho k judaa ya tou bolo.,mill gaye tumko khushi k judaa bolo,3
"Dukhaun mai dil jaate jaate tera
Mera aisa koyi irada nhi
Chupa loonga mai hans ke aansu mere
Yeh teri khushi se zyada nahi
Jo bichde nahi toh phir kya maza
Zaroori hai rehni bhi thodi kami
Nhi hoga kuch bhi khatm
Phir mulaaqat hogi kabhi
Juda ho rahe hain kadam
Phir mulaaqat..ğŸ˜Œ",dukhaun mai dil jaate jaate tera mera aisa koyi irada nhi chupa loonga mai hans ke aansu mere teri khushi zyada nahi bichde nahi toh phir maza zaroori rehni thodi kami nhi hoga khatm phir mulaaqat hogi kabhi juda rahe kadam phir mulaaqat,3
Aaj India tv ke chunav manch program mei Rakesh dakait ji kishano ka thakathit leader bana hua hai  usne ram mandir ka ghor virodh kiya hai ..back screen per ram mandir ki photo chal rahi thee usko lagane per usne bhut jordar tarike se apna gussa pargat kiya ...ab aap soch lo .,aaj india tv ke chunav manch program mei rakesh dakait ji kishano thakathit leader bana hua usne ram mandir ghor virodh kiya back screen per ram mandir thee usko lagane per usne bhut jordar tarike apna gussa pargat kiya aap soch lo,2
"Pushpa -- à¤®à¥ˆà¤‚ à¤à¥à¤•à¥‡à¤—à¤¾ à¤¨à¤¹à¥€à¤‚ ğŸ™…

Collage-- à¤®à¥ˆà¤‚ à¤–à¥à¤²à¥‡à¤—à¤¾ à¤¨à¤¹à¥€à¤‚ ğŸ«

Student -- à¤®à¥ˆà¤‚ à¤ªà¤¢à¤¼à¥‡à¤—à¤¾ à¤¨à¤¹à¥€à¤‚ğŸ§‘â€ğŸ’»
 
Crush -- à¤®à¥ˆà¤‚ à¤ªà¤Ÿà¥‡à¤—à¥€ à¤¨à¤¹à¥€à¤‚ ğŸ’”

Khushi -- à¤®à¥ˆà¤‚ à¤†à¤à¤—à¤¾ à¤¨à¤¹à¥€à¤‚ğŸ¤

Problems -- à¤®à¥ˆà¤‚ à¤œà¤¾à¤à¤—à¤¾ à¤¨à¤¹à¥€à¤‚ ğŸ¥µ

à¤¹à¤® à¤•à¤°à¥‡ à¤¤à¥‹ à¤•à¥à¤¯à¤¾ à¤•à¤°à¥‡ ğŸ˜°ğŸ˜°",pushpa collage student crush khushi problems,3
"Others: Naa tera aane ka khushi tha naa tere jane ka gaam tha

Me: Naa koi aa raha hein naa koi jaa raha hein akela hi bhatak raha huu yaha waha kyuki bhagwan ne shakal thik se nahi banayağŸ˜­",others naa tera aane khushi naa tere jane gaam me naa aa hein naa jaa hein akela bhatak huu yaha waha kyuki bhagwan shakal thik nahi banaya,3
"Gam hai khushi hai..
ASLI WINNER UMAR RIAZ",gam khushi asli winner umar riaz,4
"Promo dekhne ke badh kise khushi aur ronaa aya?

BELOVED WINNERS TEJRAN",promo dekhne ke badh kise khushi ronaa aya beloved winners tejran,1
Bhai koi iski shoe-tiyapanti aur you-tiyapanti bnd krvaoo yrrrğŸ˜­ğŸ˜­ğŸ˜­ğŸ˜‚ğŸ¤£,bhai iski shoe tiyapanti tiyapanti bnd krvaoo yrrr,3
".

Tum Meri Wo Khushi Ho
Jo Mai Kisi Or Ko Na Du.ğŸ’›
.
.",tum meri khushi mai kisi or du,0
"Meri hansi tujhse
Meri khushi tujhse
Tujhe khabar kya be-qadar
BELOVED WINNERS TEJRAN",meri hansi tujhse meri khushi tujhse tujhe khabar be qadar beloved winners tejran,1
"Kaanto ke Badle Phool Kya doge..?
Aaanshu ke Badle Khushi kya dooge..?
Hum chahte hain aapde umar bhar Dosti..
Hamare iss Sawal la Jawab kya Dogeâ€¦?.

ASLI WINNER UMAR RIAZ",kaanto ke badle phool doge aaanshu ke badle khushi dooge chahte aapde umar bhar dosti hamare iss sawal la jawab doge asli winner umar riaz,4
"Tu  khush hai to lage jaha me chhai hai khushi

ASLI WINNER UMAR RIAZ",khush lage jaha me chhai khushi asli winner umar riaz,4
"Dheere Dheere Dil se ab tere pyaar ka dard kam huaâ€¦
Na tere aane ki khushi hui aur na jaane ka gam hua..
Jab log mujhse poochate hain hamaare pyar ki daastaan..
Main kah deta hoon ki ek fasaana tha jo ab khatm hua..

ASLI WINNER UMAR RIAZ",dheere dheere dil tere pyaar dard kam hua tere aane khushi jaane gam hua jab log mujhse poochate hamaare pyar daastaan kah deta hoon ek fasaana khatm hua asli winner umar riaz,4
"wo kaun hai, duniya meiN jise, gam nahiN hota
kis ghar meiN khushi hoti hai, maatam nahiN hota
aise bhi haiN, duniya meiN jinheiN, gam nahiN hota
ek hum haiN hamaara, kabhi kam nahiN hota
kya surmaa bhari, aankhoN se, aansoo nahiN girte
kya mehandi 

ASLI WINNER UMAR RIAZ",kaun duniya mein jise gam nahin ghar mein khushi hoti maatam nahin aise duniya mein jinhein gam nahin ek hamaara kabhi kam nahin surmaa bhari aankhon aansoo nahin girte mehandi asli winner umar riaz,4
"Kabhi kabhi toh lage jindagi me rahe na  khushi

ASLI WINNER UMAR RIAZ",kabhi kabhi toh lage jindagi me rahe khushi asli winner umar riaz,4
Jo many ga woh Khushi se pink ho Jai ga,many khushi pink jai,3
"Kabhi khushi kabhi gum
ASLI WINNER UMAR RIAZ",kabhi khushi kabhi gum asli winner umar riaz,4
"Duao ki bheed mein ek dua hamari
jis mein maangi hai humne har khushi tumhari
jab bhi aap muskuraaye dil se
samjho dua kabool hui hamari

ASLI WINNER UMAR RIAZ",duao bheed mein ek dua hamari jis mein maangi humne har khushi tumhari jab aap muskuraaye dil samjho dua kabool hamari asli winner umar riaz,4
"Kismat pe aitbar kisko hai,
Mil jaye aap ka pyar iss khushi se inkar kisko hai.
Zindgi main kuchh majburian hain dost,
Warna judai se pyar kiso hai.

ASLI WINNER UMAR RIAZ",kismat aitbar kisko jaye aap pyar iss khushi inkar kisko zindgi kuchh majburian dost warna judai pyar kiso asli winner umar riaz,4
"Chahat hai tu meri teri chahat main karta hu
tu hai meri pyar ki nashani ibadat main
dhadkano se kartahu waqt ke is pher badal
me sawal main apni kismat se karta hu
bat gaye mere hasse ki khushi apne chahat ke waste main phariyad karta huâ€¦.

ASLI WINNER UMAR RIAZ",chahat meri teri chahat karta hu meri pyar nashani ibadat dhadkano kartahu waqt ke pher badal me sawal apni kismat karta hu bat gaye mere hasse khushi apne chahat ke waste phariyad karta hu asli winner umar riaz,4
"Tum mile har khushi mil gayi hai hame,
Lagta hai ki dusri zindgi mil gayi hai hame.
Zindgi me Jiska tha saalo se intezar hame,
Jeevan ka saathi bina maange mil gaya hame..

ASLI WINNER UMAR RIAZ",tum mile har khushi gayi hame lagta dusri zindgi gayi hame zindgi me jiska saalo intezar hame jeevan saathi bina maange hame asli winner umar riaz,4
Mujhe Sabse Jyada Gussa Kab Aata Hai : Jab Tehri Khaane Ka Man Ho Aur Koi Khichdi Le Aaye,mujhe sabse jyada gussa kab aata jab tehri khaane man khichdi aaye,2
Na Kujh kahenga na h kujh bataengy bs door se dekhengy aur door se muskuraengy hum tou apse ziyada apki khushi chahty hein agr apki khushi hamary dard mein h tou hum khushi khushi mar he jaengy â¤ï¸,kujh kahenga h kujh bataengy bs door dekhengy door muskuraengy apse ziyada apki khushi chahty hein agr apki khushi hamary dard mein h khushi khushi mar he jaengy,3
"Meri hansi tujhse

Meri khushi tujhse

Tujhe khabar kya be-qadar

BELOVED WINNERS TEJRAN",meri hansi tujhse meri khushi tujhse tujhe khabar be qadar beloved winners tejran,1
"Gham nahi wahan jahan ho fasana aapka
Khushi bhi dhundhti hai har pal fasana aapka,
Aap udaas na hona kabhi zindagi mai,
Bohot achha lagta hai hame muskurana aapkaâ€¦!

ASLI WINNER UMAR RIAZ",gham nahi wahan jahan fasana aapka khushi dhundhti har pal fasana aapka aap udaas hona kabhi zindagi mai bohot achha lagta hame muskurana aapka asli winner umar riaz,4
"This song really holds a special place in our hearts

Sukoon Hai Hawa Mein
Sukoon Hai Fiza Mein
Zarooratein Bann Gayi Hai
Har Raahatein Mili Hai..
Tu Mile Na Mile Mil Gayi Hai
Zindagi Ki Khushi Bann Gayi Hai...

BELOVED WINNERS TEJRAN",this song really holds a special place in our hearts sukoon hawa mein sukoon fiza mein zarooratein bann gayi har raahatein mili mile mile gayi zindagi khushi bann gayi beloved winners tejran,1
"ab khushi de ke azmaa le khuda
in ghamon se toh main nahi marta",khushi ke azmaa khuda in ghamon toh nahi marta,3
"Ladai ke promo to pehle nikalte hai tejran ke aur ab dance romance ki bari ayi to pehle chappal goal ka promo kat diya itna gussa hai na,pata nahi kiske utaru
BELOVED WINNERS TEJRAN",ladai ke promo pehle nikalte tejran ke dance romance bari pehle chappal goal promo kat diya itna gussa pata nahi kiske utaru beloved winners tejran,1
"Guzar jaye ga ye dour bhi ghalib

Zara itminaan to rakho! 

Khushi na thehri tou gham ki kya auqaat hai

Mirza Ghalib~",guzar jaye ye dour ghalib zara itminaan rakho khushi thehri gham auqaat mirza ghalib,3
"Ye to hota rahy ga zindagi hai,
Kabhi khushi kabhi ghum...!âœ¨ğŸ’¯",ye rahy zindagi kabhi khushi kabhi ghum,2
"LQ har rha hai no worries
But KK ka haal hum se bhi zada kharab hai ye dekh k dukh or khushi dono hi bohat hain",lq har no worries but kk haal zada kharab ye dekh k dukh or khushi bohat,0
"Kk - ""Bohot weak moments mein humne apne aap ko bahar nikala hai yeh sochte hue ki aap log hai""!!
'Hamari khushi m aap khush hue... Hamare dukh main aap dukhi hue....'

BELOVED WINNERS TEJRAN",kk bohot weak moments mein humne apne aap bahar nikala sochte hue aap log hamari khushi m aap khush hue hamare dukh aap dukhi hue beloved winners tejran,0
"Kamjori Hoti Hai Kuch Ladkiyon ki, 
Jaha Gussa Aana Chahiye Waha Aansu Aajatey Hai...ğŸ¥€ğŸ’¯",kamjori hoti ladkiyon jaha gussa aana chahiye waha aansu aajatey,3
"Usne kaha tha 11:11 PM me wish mangne se puri hoti hai
Mai aaj bhi uske chehre per khushi mangta huğŸ’”ğŸ¥º",usne kaha pm me wish mangne puri hoti mai aaj uske chehre per khushi mangta hu,3
Ek din khushi milti h to mahino tak us khushi ka karZ chukana pdta hai !!,ek din khushi milti h mahino tak khushi karz chukana pdta,3
"Ruth jaana tera, maan jaana mera
Dhoondh te teri hasi
Mil gayi meri khushi... 

Raah hoon mein teri
Tu hai tu meri
Dhoondh te tere nishaan
Mil gayi khudi...",ruth jaana tera maan jaana mera dhoondh te teri hasi gayi meri khushi raah hoon mein teri meri dhoondh te tere nishaan gayi khudi,2
"Ab Bikhri Teri Ye Zulfon Se
Ankhain Teri Jab Dikhti Hain
Dikhta Hai Mujhe Wo Aasman

BELOVED WINNERS TEJRAN",bikhri teri ye zulfon ankhain teri jab dikhti dikhta mujhe aasman beloved winners tejran,1
"Ab Tere Bina Yahan Meri Saansain
Jaise Bina Nindiya Ki Raatain Hain Toh
Aur Tu Hi Mere Dil Ki Raza Hai
Tere Bina Dil Bhi Khafa Hai Toh

BELOVED WINNERS TEJRAN",tere bina yahan meri saansain jaise bina nindiya raatain toh mere dil raza tere bina dil khafa toh beloved winners tejran,1
"Jab Baarishein Barasti Hain
Pagal Jaise Thirakti Hain
Tum Jaisi Ho
Bus Wesi Hi Raho

BELOVED WINNERS TEJRAN",jab baarishein barasti pagal jaise thirakti tum jaisi bus wesi raho beloved winners tejran,1
"Ab Tu Aati Hai Bulati Hai,
Bistar Se Youn Girati Hai
Ke So Un Mai
Baahon Mai Bus Teri

BELOVED WINNERS TEJRAN",aati bulati bistar youn girati ke so un mai baahon mai bus teri beloved winners tejran,1
"Teri Hi Baaton Pe Maine
Saja Li Hai Duniya Yahan
Dil Ke Darmiyan
Baarishein Hain Baarishein

BELOVED WINNERS TEJRAN",teri baaton maine saja li duniya yahan dil ke darmiyan baarishein baarishein beloved winners tejran,1
"Sun Zara Mere Paas Aa
Ab Beithe Hain Hum Bhi Yaha
Dil Ke Darmiyan
Baarishein Hain Barishein Hain

BELOVED WINNERS TEJRAN",sun zara mere paas aa beithe yaha dil ke darmiyan baarishein barishein beloved winners tejran,1
"Haule Se, Dheeme Se,
Mujh Ko Baahon Mai Bhar Lo Na Tum
Naram Si, Sanson Mai,
Mujhko Aahon Mai Bhar Lo Na Tum

BELOVED WINNERS TEJRAN",haule dheeme mujh baahon mai bhar lo tum naram si sanson mai mujhko aahon mai bhar lo tum beloved winners tejran,1
"ğ—§ğ—²ğ—®ğ—°ğ—µğ—²ğ—¿: Dear student paisa apko khushi nahi de skta

ğ—¦ğ˜ğ˜‚ğ—±ğ—²ğ—»ğ˜: Lekin sir aap khushi ko paise doge toh woh khushi khushi jarur de sakti hai",dear student paisa apko khushi nahi skta lekin sir aap khushi paise doge toh khushi khushi jarur sakti,3
"Apne hi rang me mujhko rang de
Dhime-dhime rang me mujhko rang de

BELOVED WINNERS TEJRAN",apne rang me mujhko rang dhime dhime rang me mujhko rang beloved winners tejran,3
"Ek bhi saans alag nahi leni
Ek bhi saans alag nahi leni
Khainch lena pran is tann ke
Haye nai rehna duja banke

BELOVED WINNERS TEJRAN",ek saans alag nahi leni ek saans alag nahi leni khainch lena pran tann ke haye rehna duja banke beloved winners tejran,3
Ek zamana hua krta tha jab hum bhi Bina overthinking kiye Khushi se rehte the,ek zamana hua jab bina overthinking kiye khushi rehte the,3
"Tu hai mera khuda, ab na hona juda
Kar de qaram ke dil yeh chain payega

BELOVED WINNERS TEJRAN",mera khuda hona juda qaram ke dil chain payega beloved winners tejran,1
"Khushiyon ke beshumar behisaab se sikke khanke
Dil ki ab har muraad ishq ke hi dum se

BELOVED WINNERS TEJRAN",khushiyon ke beshumar behisaab sikke khanke dil har muraad ishq ke dum beloved winners tejran,1
"Roshan hai yeh zameen
 aasmaan sab ishq ke dum se
Dhalte hai din aur raat ishq ke hi dum se

BELOVED WINNERS TEJRAN",roshan zameen aasmaan sab ishq ke dum dhalte din raat ishq ke dum beloved winners tejran,1
"Dil Par Toota Hain Yeh Kaisa Keher
Tumko Paakar Khone Ka Hain Dar
Pyar Ka Yeh Dhai Aakhar
Kaise Likhoge Iss Chotte Khat Par

BELOVED WINNERS TEJRAN",dil toota kaisa keher tumko paakar khone dar pyar dhai aakhar kaise likhoge iss chotte khat beloved winners tejran,1
"Accha Batao
Dil Ki Itni Saari Baatein
Kaise Likhoge Iss Chote Khat Par

BELOVED WINNERS TEJRAN",accha batao dil itni saari baatein kaise likhoge iss chote khat beloved winners tejran,1
"Kal Kya Ho Kisko Khabar
Lagta Hain Dar Lagta Hain Dar
Iss Pal Mein Simte Umar
Raat Kate Na Kabhie Ho Seher

BELOVED WINNERS TEJRAN",kal kisko khabar lagta dar lagta dar iss pal mein simte umar raat kate kabhie seher beloved winners tejran,1
"Kabhi kabhi  gussa muskrahat  se jayada khash hota hai
Muskra  to ham sabhi ke liye dete hai
Par gussa kisi khas par hi karte hai
ASLI WINNER UMAR RIAZ",kabhi kabhi gussa muskrahat jayada khash muskra ham sabhi ke dete gussa kisi khas karte asli winner umar riaz,4
"Tu Jo Hain Saath Toh Yeh Ambar
Lage Ke Jaise Saaya Ho Sar Par
Tere Kaandhe Par Rakhkar Sar
Yun Hi Kat Jaaye Saari Umar

BELOVED WINNERS TEJRAN",saath toh ambar lage ke jaise saaya sar tere kaandhe rakhkar sar yun kat jaaye saari umar beloved winners tejran,1
"Tu Jo Hain Saath Mere Toh Yeh Dagar
Lage Ke Jaise Khoobsurat Ghar 

BELOVED WINNERS TEJRAN",saath mere toh dagar lage ke jaise khoobsurat ghar beloved winners tejran,1
"O Humsafar Lagta Hain Dar
Raat Kate Na Kabhie Ho Sehar
Iss Pal Mein Simte Umar
Raat Kate Na Kabhie Ho Sehar

BELOVED WINNERS TEJRAN",o humsafar lagta dar raat kate kabhie sehar iss pal mein simte umar raat kate kabhie sehar beloved winners tejran,1
life me Khushi Kotak Mahindra me Mahindra ki tarah ho gayi. ğŸ˜­ğŸ˜­ğŸ˜­,life me khushi kotak mahindra me mahindra tarah gayi,3
"Dil Me Khushi Ho To Chhalak Jaati Hai,
Muskurahtein Wajah Ki Mohtaaj Nahi Hoti.

BELOVED WINNER TEJRAN",dil me khushi chhalak jaati muskurahtein wajah mohtaaj nahi hoti beloved winner tejran,1
"Inhin Gam Ki Ghataaon Se Khushi Ka Chaand Niklega,
Andheri Raat Ke Pardon Me Din Ki Roshni Bhi Hai.

BELOVED WINNER TEJRAN",inhin gam ghataaon khushi chaand niklega andheri raat ke pardon me din roshni beloved winner tejran,3
"Promo is killing baba

Muje khushi ke sath dukh bhe h
 
Teju mere nhe hoo ske
ğŸ¤£ğŸ¤£

BELOVED WINNERS TEJRAN",promo killing baba muje khushi ke sath dukh bhe h teju mere nhe hoo ske beloved winners tejran,1
"Uski Jeet Se Hoti Hai Khushi Mujhko,
Yehi Jawab Mere Paas Apni Haar Ka Tha.

BELOVED WINNER TEJRAN",jeet hoti khushi mujhko jawab mere paas apni haar beloved winner tejran,0
"Pal Pal Pal Pal Har Pal Har Pal
Kaise Katega Pal Har Pal Har Pal

BELOVED WINNERS TEJRAN",pal pal pal pal har pal har pal kaise katega pal har pal har pal beloved winners tejran,1
Mera Dil dukh Raha hai bhaisaahab,mera dil dukh bhaisaahab,3
"Tum Khafa Ho Gaye To Koyi Khushi Na Rahegi,
Tumhare Bina Chiraagon Me Roshni Na Rahegi,
Kya Kahein Kya Gujregi Dil Par,
Zinda To Rahenge Par Zindagi Na Rahegi.

BELOVED WINNER TEJRAN",tum khafa gaye koyi khushi rahegi tumhare bina chiraagon me roshni rahegi kahein gujregi dil zinda rahenge zindagi rahegi beloved winner tejran,3
"Bas dil tujh mein dooba rahoon

BELOVED WINNERS TEJRAN",bas dil tujh mein dooba rahoon beloved winners tejran,1
"Dekhoon tujhe 
choo lo tujhe 
socho tujhe 
sunu tujhe

BELOVED WINNERS TEJRAN",dekhoon tujhe choo lo tujhe socho tujhe sunu tujhe beloved winners tejran,1
"Karna chaahun main tujhko haasil
Raasta tu tu hi meri manzil
Berukhi ab mita mujhse tu bhi jaaneja

BELOVED WINNERS TEJRAN",chaahun tujhko haasil raasta meri manzil berukhi mita mujhse jaaneja beloved winners tejran,1
"Dil mein ab thhi aarzoo hai
Main teri aur mera sirf tu hai
Rooth ke bhi mujhse judi hai jaaneja

BELOVED WINNERS TEJRAN",dil mein thhi aarzoo teri mera sirf rooth ke mujhse judi jaaneja beloved winners tejran,1
"Tu jab mila tha haan
Khuda bann gaya tha
Tu chala jo gaya hai kahin
Khuda pe bharosa nahin

BELOVED WINNERS TEJRAN",jab mila khuda bann chala kahin khuda bharosa nahin beloved winners tejran,1
"Tu hi toh hai zaroorat meri
Tujh mein hi chhupa hoon kahin
Bann ke phir se meri zindagi
De de khushi

BELOVED WINNERS TEJRAN",toh zaroorat meri tujh mein chhupa hoon kahin bann ke phir meri zindagi khushi beloved winners tejran,1
"Saansein bin saansein chal rahi hai
Sab toh hai subah ki kami hai
Tujh mein shuru khatam zindagi hai jaaneja...

BELOVED WINNERS TEJRAN",saansein bin saansein sab toh subah kami tujh mein shuru khatam zindagi jaaneja beloved winners tejran,1
"Kyun Lage Tu Saamne Hai
Sach To Hai Ki Tu Ja Chuki Hai
Rooh Mein Ab Bhi Tu Basi Hai Jaane-Ja

BELOVED WINNERS TEJRAN",kyun lage saamne sach chuki rooh mein basi jaane beloved winners tejran,1
"Zaroortein Bann Gayi Hai
Jaane Anjaane
Har Raahtein Mili Hai
Tere Aane Se

BELOVED WINNERS TEJRAN",zaroortein bann gayi jaane anjaane har raahtein mili tere aane beloved winners tejran,1
"Jaane Anjaane
Pyaar Tujhse Pyaar Tujhse
Behisab Hai..

BELOVED WINNERS TEJRAN",jaane anjaane pyaar tujhse pyaar tujhse behisab beloved winners tejran,1
"Tu Mile Na Mile Mil Gayi Hai
Zindagi Ki Khushi Bann Gayi Hai

BELOVED WINNERS TEJRAN",mile mile gayi zindagi khushi bann gayi beloved winners tejran,1
"Zaroortein Bann Gayi Hai
Har Raahtein Mili Hai.

BELOVED WINNERS TEJRAN",zaroortein bann gayi har raahtein mili beloved winners tejran,1
"Bekhayali di hai tere pyaas ne
Chaya suroor hai
Kuch to zaroor hai

BELOVED WINNERS TEJRAN",bekhayali di tere pyaas chaya suroor zaroor beloved winners tejran,1
"Kar diya deewana dard-e-kash ne
Chain cheena isqh ke ehsaas ne

BELOVED WINNERS TEJRAN",diya deewana dard e kash chain cheena isqh ke ehsaas beloved winners tejran,1
"Tu jo mili ek din mujhe
Mein kahin ho gaya lapata

BELOVED WINNERS TEJRAN",mili ek din mujhe mein kahin lapata beloved winners tejran,1
"Dhadhkon ko tujhse hi darkar hai
Tujhse hai rahatein
Tujhse hai chahatein

BELOVED WINNERS TEJRAN",dhadhkon tujhse darkar tujhse rahatein tujhse chahatein beloved winners tejran,1
"Har dua mein shamil tera pyaar hai
Bin tere lamha bhi dushwar hai

BELOVED WINNERS TEJRAN",har dua mein shamil tera pyaar bin tere lamha dushwar beloved winners tejran,1
"O jaan-e-jaan dono jahan
Meri bahon mein aa bhool ja, ah-ah
O jaan-e-jaan dono jahan
Meri bahon mein aa bhool ja

BELOVED WINNERS TEJRAN",o jaan e jaan jahan meri bahon mein aa bhool ah ah o jaan e jaan jahan meri bahon mein aa bhool beloved winners tejran,1
"Mein hoon yahan
Tu hai yahan
Meri bahon mein aa aa bhi ja

BELOVED WINNERS TEJRAN",mein hoon yahan yahan meri bahon mein aa aa beloved winners tejran,1
"Is pal ko milke aa jee le zara

BELOVED WINNERS TEJRAN",pal milke aa jee zara beloved winners tejran,1
"Tera ban baita hai mera jiya
Jaane kya hoga

BELOVED WINNERS TEJRAN",tera ban baita mera jiya jaane hoga beloved winners tejran,1
"Pehli nazar mein
Kaise jaado kar diya

BELOVED WINNERS TEJRAN",pehli nazar mein kaise jaado diya beloved winners tejran,1
"Hanste hanste kat jaye raste,
zindagi yuhi chalti rahe
khushi mile ya gham,
badlenge na hum
duniya chahe badalti rahe

BELOVED WINNERS TEJRAN",hanste hanste kat jaye raste zindagi yuhi chalti rahe khushi mile gham badlenge duniya chahe badalti rahe beloved winners tejran,1
"Khushi ek essa ahsas hai Jiski har kisi ko talash hai
Gum ek essa anubhav hai Jo sabke pass hai
Magar zindgi to vahi jeeta hai Jisko kud par vishwash hai
ASLI WINNER UMAR RIAZ",khushi ek essa ahsas jiski har kisi talash gum ek essa anubhav sabke pass magar zindgi vahi jeeta jisko kud vishwash asli winner umar riaz,4
Koi mereko ghumane le chalooooo ğŸ˜­ğŸ˜­ğŸ˜­ğŸ˜­ğŸ˜­ğŸ˜­,mereko ghumane chalooooo,3
"Use chaha bhi toh kitne adab se yaaro, use jaane dia uski khushi se yaaro

FATEJO KA ISHQ",use chaha toh kitne adab yaaro use jaane dia khushi yaaro fatejo ishq,3
Maine ye 16-17 saal Mai bhi kiya haiğŸ˜­ğŸ˜­ğŸ˜­ğŸ˜­ğŸ˜­,maine ye saal mai kiya,3
"Kabhi kabhi lagta hai liquor shop hi naya business adda hai .  Ek dim light ka mahol ho aur log baith ke apna Khushi aur future ka planning kar rahe hai sip lete huein. Ek alag hi duniya hai wahan. Jaroori nahi hi  kharab log hi jate hai , bahut bade bade log bhi mast hai .",kabhi kabhi lagta liquor shop naya business adda ek dim light mahol log baith ke apna khushi future planning rahe sip lete huein ek alag duniya wahan jaroori nahi kharab log jate bahut bade bade log mast,2
"Khushi Mili To Kayi Dard Mujh Se Rooth Gaye,
Dua Karo Ke Main Fir Se Udaas Ho Jaon.
BELOVED WINNER TEJRAN",khushi mili kayi dard mujh rooth gaye dua karo ke fir udaas jaon beloved winner tejran,3
Dopeher ko Lahore ke harny ka gham or Raat ko Karachi ke harny ki khushi bas yehi chl rha ha Zindagi me,dopeher lahore ke harny gham or raat karachi ke harny khushi bas chl ha zindagi me,3
"Aap ke Hone se Hamaari Khushi Judi Hui Haiâ€¦
Aap ki Aankho se Hamaari Roshni Judi Hui Haiâ€¦
Mat Karna Dur Apne HothoSe Ye Muskurahatâ€¦
Aap ki In Hansi se Hamaari Zindagi Judi Hui Haiâ€¦

ASLI WINNER UMAR RIAZ",aap ke hone hamaari khushi judi aap aankho hamaari roshni judi mat dur apne hothose ye muskurahat aap in hansi hamaari zindagi judi asli winner umar riaz,4
"Meri jaan se bhi pyare ho tum,
mere tamam hasraton ki manzil ho tum,
mere dil ki har khushi ho tum,
barson tarsi jis pyar ko me,
us pyar ka arman ho tum,
meri jaan se bhi pyare ho tumâ€¦

ASLI WINNER UMAR RIAZ",meri jaan pyare tum mere tamam hasraton manzil tum mere dil har khushi tum barson tarsi jis pyar me pyar arman tum meri jaan pyare tum asli winner umar riaz,4
GHAR AAJAAAAAAAOOOOOOOOO,ghar aajaaaaaaaooooooooo,3
"Milne ki khushi na bichad ne ka gham,
na tanha na udaas hai hum,
kaise 
aapki dosti ke bina akele 

ASLI WINNER UMAR RIAZ",milne khushi bichad gham tanha udaas kaise aapki dosti ke bina akele asli winner umar riaz,4
"Bade Ajeeb hai Yeh Zindgi ke Raste..
Anjane Mod par Kuch Log Dost Ban Jate hai
Milne ki Khushi de ya na de..
Bichadne ka Gam Jarur de Jate haiâ€¦

ASLI WINNER UMAR RIAZ",bade ajeeb zindgi ke raste anjane mod log dost ban jate milne khushi bichadne gam jarur jate asli winner umar riaz,4
"Baatein karke rula na dijiyegaâ€¦
U chup rehke saza na dijiyegaâ€¦
Na de sake Khushi,to Gam hi sahiâ€¦
Par DOST bana ke uhi bhula na dijiyega â€¦

ASLI WINNER UMAR RIAZ",baatein karke rula dijiyega u chup rehke saza dijiyega sake khushi gam sahi dost bana ke uhi bhula dijiyega asli winner umar riaz,4
"Bade ajeeb hain ye zindagi ke raaste,
anjane mod par kuchh log dost ban jate hain,
milne ki khushi de ya na de
bichhadne ka gam zarur de jate hainâ€¦

ASLI WINNER UMAR RIAZ",bade ajeeb ye zindagi ke raaste anjane mod kuchh log dost ban jate milne khushi bichhadne gam zarur jate asli winner umar riaz,4
"Kaho usi se jo na kahe kisi se!
Maango usi se jo dede khushi se !
Chaho use jo tumhe mile kismat se !
Dosti karo usi se jo hamesha nibhaye hasi seâ€¦

ASLI WINNER UMAR RIAZ",kaho usi kahe kisi maango usi dede khushi chaho use tumhe mile kismat dosti karo usi hamesha nibhaye hasi asli winner umar riaz,4
"Tum kya milley har khushi mil gayi,
teri dosti har andhere ko ujaale mein badal gayi,
yunhi nibhaate rehna dosti sath dena har kadam pe mera,
teri dosti kya mili hamein toh duniya ki har cheez mil gayiâ€¦

ASLI WINNER UMAR RIAZ",tum milley har khushi gayi teri dosti har andhere ujaale mein badal gayi yunhi nibhaate rehna dosti sath dena har kadam mera teri dosti mili hamein toh duniya har cheez gayi asli winner umar riaz,4
"Teri muskurahat meri pehchan hai,
Teri khushi meri jaan hai,
Kuch bhi nahi meri zindagi bas itna samajh le,
Ki teri dosti hi meri shaan haiâ€¦

ASLI WINNER UMAR RIAZ",teri muskurahat meri pehchan teri khushi meri jaan nahi meri zindagi bas itna samajh teri dosti meri shaan asli winner umar riaz,4
"Muskurana hi Khushi nahi hoti,
Umar bitana hi Zindagi nahi hoti,
Khud se bhi zyada khayal rakhna padta hai dosto ka,
Kyoki Dost kehna hi Dosti nahi hoti.

ASLI WINNER UMAR RIAZ",muskurana khushi nahi hoti umar bitana zindagi nahi hoti khud zyada khayal rakhna padta dosto kyoki dost kehna dosti nahi hoti asli winner umar riaz,4
Sid aaja yaar ğŸ˜­ğŸ˜­,sid aaja yaar,3
"Lagta he kamzor hote ja rahe he hum
Jaha gussa ana chahiye waha khamosh hote ja rahe he hum

ASLI WINNER UMAR RIAZ",lagta he kamzor hote rahe he jaha gussa ana chahiye waha khamosh hote rahe he asli winner umar riaz,4
"Khushi wali raat sone nahi deti
Dukh wali raat soya nahi jata

ASLI WINNER UMAR RIAZ",khushi wali raat sone nahi deti dukh wali raat soya nahi asli winner umar riaz,4
"Zindagi ik ajab mod par aa khadi thi or tum aae...Or tum aae...
Har khushi sath mera chhod kar ja rhi thi,or tum aae..

BELOVED WINNERS TEJRAN",zindagi ik ajab mod aa khadi or tum aae or tum aae har khushi sath mera chhod rhi or tum aae beloved winners tejran,3
"Khushi deke tumko gham udhar liya tumse bhi zyada tumse pyaar kiya 

ASLI WINNER UMAR RIAZ",khushi deke tumko gham udhar liya tumse zyada tumse pyaar kiya asli winner umar riaz,4
"Dil kho gya ho gya kisi ka,ab rasta mil gya khushi ka,rista naya rabba dil chhu rha hai,khinche mujhe koi dor teri or...Teri or teri or teri or haay rabba...

BELOVED WINNERS TEJRAN",dil kho kisi rasta khushi rista naya rabba dil chhu khinche mujhe dor teri or teri or teri or teri or haay rabba beloved winners tejran,1
"humne uske khushi ke liye 
kya kuch nahi kiya....
humne uske khushi ke liye 
kya kuch nahi kiya....
use roshni pasand thi
Aur humne khudko jala liya....",humne uske khushi ke nahi kiya humne uske khushi ke nahi kiya use roshni pasand humne khudko jala liya,3
"Kabhi khushi kabhi gham
ASLI WINNER UMAR RIAZ",kabhi khushi kabhi gham asli winner umar riaz,4
"Mujhe toh iss baat ki khushi haii wo dono bahar aake humara Trend dekhnege &lt;3 

BELOVED WINNERS TEJRAN",mujhe toh iss baat khushi haii bahar aake humara trend dekhnege lt beloved winners tejran,1
"Teja:- Teko darr nhi lagta ki mai gussa hokr terese durr chali jaaungi.
Kk:- Nhi kaha hie jaayegi..Tere ghar waale waapas choorke jaayenge ki aapne guarantee lii thiiiii.......

BELOVED WINNER TEJRAN",teja teko darr nhi lagta mai gussa hokr terese durr chali jaaungi kk nhi kaha hie jaayegi tere ghar waale waapas choorke jaayenge aapne guarantee lii thiiiii beloved winner tejran,0
"Khushi ki Raat hogi jashan Jara dat ke hoga,Mere Akhilesh bhaiya ke mukhymantri banne ka Andaaz Jara hat ke hoga,Kisan pareshan mat ho, yuvaon pareshan mat ho, berojgar pareshan mat ho, Akhilesh bhaiya a rahe hain march main 2022.",khushi raat hogi jashan jara dat ke hoga mere akhilesh bhaiya ke mukhymantri banne andaaz jara hat ke hoga kisan pareshan mat yuvaon pareshan mat berojgar pareshan mat akhilesh bhaiya a rahe march,3
"Khush rehna chohnde a par khushi labhde a kise hor toh 
Pyaar v paon di aas rkhi aas rakhi kise chor toh â¤ï¸",khush rehna chohnde a khushi labhde a kise hor toh pyaar v paon di aas rkhi aas rakhi kise chor toh,3
"Jis jis ka mann mai jiska bhi gussa h sab trend mai nikal do ajj

BELOVED WINNERS TEJRAN",jis jis mann mai jiska gussa h sab trend mai nikal do ajj beloved winners tejran,2
"Ab toh hai Tumse har khushi apni

FATEJO KA ISHQ",toh tumse har khushi apni fatejo ishq,0
"Mere Aansu Tere Liye Ek Wada Ho ..

Duaa Hai Tu Jitni Zindagi Jiye
Khushi Se Jiye ..
Bas Teri Umar Meri Zindagi Se
Zyada Ho

ASLI WINNER UMAR RIAZ",mere aansu tere ek wada duaa jitni zindagi jiye khushi jiye bas teri umar meri zindagi zyada asli winner umar riaz,4
"Duniya ko khushi chahiye...!
Or mujhe har khushi m tum ğŸ˜¤â¤ï¸",duniya khushi chahiye or mujhe har khushi m tum,3
"ab khushi de ke azmaa le khuda,
in ghamon se toh main nahi marta",khushi ke azmaa khuda in ghamon toh nahi marta,3
"Ye khushi, ye.. khushi ka samaa
Dil Me goonji hai shehnaiyaan
Ye Haseen
Ye dil-nasheen
Ik mohabbat ki hai jo daastaan..
FATEJO KA ISHQ",ye khushi ye khushi samaa dil me goonji shehnaiyaan ye haseen ye dil nasheen ik mohabbat daastaan fatejo ishq,3
"Ab to hai tumse har khushi apni

FATEJO KA ISHQ",tumse har khushi apni fatejo ishq,0
"Zan-e-haseen thi aur phool chun k lati thi...
Mein shair kehta tha, wo dasta'n sunati thi...

Munafikon ko mera name zehar lagta tha..
Wo jaan bhoj k gussa unhain dilati thi...

Usay pata tha mein dunya nhi mohabbat hun...
Wo mujsay kuch bhi nhi chupati thi â¤",zan e haseen phool chun k lati mein shair kehta dasta n sunati munafikon mera name zehar lagta jaan bhoj k gussa unhain dilati usay pata mein dunya nhi mohabbat mujsay nhi chupati,2
Kabhi khushi kabhi ghum rewatch night lol,kabhi khushi kabhi ghum rewatch night lol,2
"Jiwan me ab khushi nhi, shanti se bhi kaam chal jayega.",jiwan me khushi nhi shanti kaam jayega,3
"Tum milo ya na milo
Lekin tumhe duniya ki har 
Khushi mile !â¤ï¸",tum milo milo lekin tumhe duniya har khushi mile,3
"Kisi Lutere Ne Nahin-Mujhe To Teri Sadgi Ne Lutliya,
Kisi Waqt Ne Nahin-Mujhe To Tere Intezar Ne Mardiya,
Kisi Khanjar Ne Nahi-Mujhe To Tere Alfazo Ne Zakhmikiya,
Are Ab to Gussa Chhod 

ASLI WINNER UMAR RIAZ",kisi lutere nahin mujhe teri sadgi lutliya kisi waqt nahin mujhe tere intezar mardiya kisi khanjar nahi mujhe tere alfazo zakhmikiya are gussa chhod asli winner umar riaz,0
"Sath rehne ki khushi mehsus krne se phle ğŸ
Dur jaane k gum ki tyari bhi rkhna.. ğŸ¥€",sath rehne khushi mehsus krne phle dur jaane k gum tyari rkhna,3
"din mei ek bar us shakhs se zarur baat kro jisse baat krke apko khushi milti ho
lekin 
ek bar us se bhi baat kro jisko apse baat krke khushi milti ho",din mei ek bar shakhs zarur baat kro jisse baat krke apko khushi milti lekin ek bar baat kro jisko apse baat krke khushi milti,3
"Mujhse naraz hone ka koi faida nhi, 

Mujhe mnane ki jgah khud gussa ho jaane ki aadat hai..",mujhse naraz hone faida nhi mujhe mnane jgah khud gussa jaane aadat,2
"Do hi vikalp dikhte hain ji...
 ya to u.p bachayen ya ve apni Khushi bachaye 
agar EVM ki ijjat bacha ni hai to
 u.p gai 
agar u.p ko bachaya....
to Delhi gai",do vikalp dikhte ji u p bachayen ve apni khushi bachaye agar evm ijjat bacha ni u p agar u p bachaya delhi,0
Goli aur gussa sahi waqt par kharch karna chahiye (Use bullet and angst at the right time.),goli gussa sahi waqt kharch chahiye use bullet and angst at the right time,2
Ek din ki Khushi milti hai toh mahino tak us Khushi k karz chukana pdta hai.,ek din khushi milti toh mahino tak khushi k karz chukana pdta,3
kabhi khushi aur har waqt ghum,kabhi khushi har waqt ghum,2
kabhi kabhi cell ko charge hota dekh khushi hoti hai,kabhi kabhi cell charge dekh khushi hoti,2
Dipression kehta hai khud Khushi kr lay_______ Dil kehta hai MAA bohat Royegi yaar.....ğŸ¥ºğŸ’”ğŸ¥€,dipression kehta khud khushi lay_______ dil kehta maa bohat royegi yaar,3
"Salaar ka pyar salaar ka gussa salaar ka rona hr tarha se salaar ne dil jeeta.... Do movie ki or dono m alag alag acting wow

Haroon Killed It In Ruposh",salaar pyar salaar gussa salaar rona hr tarha salaar dil jeeta do movie or m alag alag acting wow haroon killed it in ruposh,2
Baap ka gussa bahut tez h n us k samne koi bol nahi pata jab uska gussa shant ho jata h tab use samjhaya ja sakta h,baap gussa bahut tez h n k samne bol nahi pata jab uska gussa shant h tab use samjhaya sakta h,2
"Meri har khushi mein ho teri khushi
Mohabbat mein aisa zaroori nahi
Tu jab milna chaahe na mil sakun
Na milna mera koi doori nahi",meri har khushi mein teri khushi mohabbat mein aisa zaroori nahi jab milna chaahe sakun milna mera doori nahi,3
"Mujhy *Ø¬Ùˆ* khushi mili na kabhi
Jaye tere sung jaye tu jahan",mujhy khushi mili kabhi jaye tere sung jaye jahan,2
"kya ker rahe ho Khan Sahab, khushi se haaal bura hogaya haiğŸ˜­ğŸ˜­ğŸ˜­ğŸŒ¸",ker rahe khan sahab khushi haaal bura hogaya,3
Iski naak pr har waqt gussa sawar rehta hai pr jo bhi hai cute hai ...,iski naak pr har waqt gussa sawar rehta pr cute,0
"Hum to tujhe Khushi dena chahte the lekin na jane anjane mai PHR tere dukh ki wajah bane hum to tere dil mai rehne chahte the lekin anjane mai Dil se nikale gye Youn to na aye the teri zindagi mai Judaaa Hone k lye is waqt ki karamat se aaj us mukaam tak aa khade.
By: Vazzu
1:51",tujhe khushi dena chahte the lekin jane anjane mai tere dukh wajah bane tere dil mai rehne chahte the lekin anjane mai dil nikale gye youn the teri zindagi mai judaaa hone k waqt karamat aaj mukaam tak aa khade by vazzu,2
"Khushi mein 'Jashn' se behtar 'Shukr' hai,,
Aur Gum mein 'Sog' se behtar 'Sabr'â¤",khushi mein jashn behtar shukr gum mein sog behtar sabr,2
"Abhi merko gussa araha hai kya masla hain network itnaa khraab ho raha hn!! 
ASLI WINNER UMAR RIAZ",abhi merko gussa araha masla network itnaa khraab hn asli winner umar riaz,4
"Khushi mangi thi khuda se
Aur tum mil gaye..âœ¨ğŸ¥°",khushi mangi khuda tum gaye,3
"aab toh hai tumse, har khushi apni ğŸ¤Œâœ¨",aab toh tumse har khushi apni,0
"AMU ,JNU ,Jamia k students ko bhi maara gaya tha tab tamam logon ne Khushi ka izhaar Kiya tha,, Aur jou ab Bihar aur Uttar Pradesh main students ko maara gaya uss ki humen Khushi nahi afsos hai. Zulm ko zulm hi kaha jayega sab yaad rakha jayega",amu jnu jamia k students maara tab tamam logon khushi izhaar kiya jou bihar uttar pradesh students maara uss humen khushi nahi afsos zulm zulm kaha jayega sab yaad rakha jayega,3
Samajh nahi aa raha lahore ki haar ki khushi manao ya karachi ki haar ka dukh ğŸ¤·â€â™‚ï¸ğŸ¤·â€â™‚ï¸,samajh nahi aa lahore haar khushi manao karachi haar dukh,3
"Ruki ruki si zindagi jhat se chal padi hui khushi se dosti maza lele zindagi

ASLI WINNER UMAR RIAZ",ruki ruki si zindagi jhat padi khushi dosti maza lele zindagi asli winner umar riaz,4
"Kabhi kabhi vahi insaan aapko rula kar rakh deta hai,
Jiski khushi k liye aap kuch bhi kar sakte ho.ğŸ™‚ğŸ™ƒ",kabhi kabhi vahi insaan aapko rula rakh deta jiski khushi k aap sakte,2
Ek khushi ki lehr dor jaty ha in labon pr jab man pasand log apko yad rakheâ£ï¸,ek khushi lehr dor jaty ha in labon pr jab man pasand log apko yad rakhe,0
So mishraa follow kar aur khushi de humko..chalo Anirudh jhansi ki rani ko follow karoğŸ˜‚ğŸ˜‚ğŸ”¥ğŸ”¥ğŸ”¥,so mishraa follow khushi humko chalo anirudh jhansi rani follow karo,3
"Tu Jha bee Rahay,  khush Rahay, 
  Mere issey ma khushi hay, ğŸ˜",jha bee khush mere issey ma khushi,3
Bechare tikait ki roji roti khatm kr di isliye gussa h thoda sa ğŸ˜‚ğŸ˜‚,bechare tikait roji roti khatm di isliye gussa h thoda sa,2
Gussa kr gaye karachi walyğŸ˜‚ğŸ˜‚,gussa gaye karachi waly,2
Kabhi kabhi to lage zindagi me rahi na khushi aur na maza,kabhi kabhi lage zindagi me khushi maza,2
"Faqt qirtaas ko naksh e dil e ifgar say munkash karnay pr jee ab halka nahi hota
Rabt e gham ha kuch aesa ka khushi ma bhi ye jee Khush nahi hota 

Nau saal chal aya ha munkir, haqeeqat say magar aashna nahi ha tu
Subh honay say tou banjaara bhi panah gazeen nahi hota",faqt qirtaas naksh e dil e ifgar say munkash karnay pr jee halka nahi rabt e gham ha aesa khushi ma ye jee khush nahi nau saal aya ha munkir haqeeqat say magar aashna nahi ha subh honay say banjaara panah gazeen nahi,0
Jab mere tweet par koi nhi aata to mujhe bahut khushi hota hai yahi sochkar ki dekho sab darte h mujhseğŸ˜ğŸ˜ ye khauf bna rhna chahie ğŸ˜­ğŸ˜,jab mere tweet nhi aata mujhe bahut khushi yahi sochkar dekho sab darte h mujhse ye khauf bna rhna chahie,2
"Be Chaini, Be Basi, aur kya sambhalu.. 
Khushi, Talkhi, Gham e zindagi aur kya sambhalu!",be chaini be basi sambhalu khushi talkhi gham e zindagi sambhalu,2
"Hum khammosh thy !!
Unki Khushi ky liye...
Aur unhy lgaa hmmye koi gilla hi nhi...!! ğŸŒ¸",khammosh unki khushi ky unhy lgaa hmmye gilla nhi,3
"Vo Puchte Hai Itne Gum Me Bhi Khushi Kaise, Mene kaha Pyar Sath Na De To Sath Hai.",vo puchte itne gum me khushi kaise mene kaha pyar sath sath,3
Wese itna gussa araha hai na Kings nahi ghade hain hum,wese itna gussa araha kings nahi ghade,2
"ğŸ˜‚ğŸ˜‚ğŸ˜‚ğŸ˜‚
It is just like ap fail hojao to dukh hota hai.. per dost bhi fail hojaue to khushi hoti haiğŸ˜‚ğŸ˜‚ğŸ˜‚ğŸ˜‚",it just like ap fail hojao dukh per dost fail hojaue khushi hoti,3
Itna dukh lahore k harnay ka ni hota jitni khushi karachi k harnay pe hoti ğŸ˜,itna dukh lahore k harnay ni jitni khushi karachi k harnay hoti,3
Wo bhi kya din tha jab choti choti chezo par khush ho jata tha ab har chez mil jati ha magr khushi nhi milteğŸ¥º,din jab choti choti chezo khush har chez ha magr khushi nhi milte,3
"Ek promo dekh kar jitna royi hoon na
Dusra dekh k utni hasi aari mujhe.

Din bhar ki udaasi ko khushi mei badal di Shehnaaz neğŸ˜‚

Unfiltered Shehnaaz at her bestâ¤ï¸

Sid Ki Sherni Naaz
Reliving SidNaaz
SHINE ON SHEHNAAZ",ek promo dekh jitna royi hoon dusra dekh k utni hasi aari mujhe din bhar udaasi khushi mei badal di shehnaaz unfiltered shehnaaz at her best sid sherni naaz reliving sidnaaz shine on shehnaaz,3
"Kabhi khushi kabhi ghum

FATEH SINGH VIRK",kabhi khushi kabhi ghum fateh singh virk,2
Karachi ky harny ka dukh nahi ha lahore ky harny ki khushi ha.,karachi ky harny dukh nahi ha lahore ky harny khushi ha,3
Karachi kai haarnay pe khushi &gt;&gt;&gt; Lahore ke haarnay pe dukh,karachi kai haarnay khushi gt gt gt lahore ke haarnay dukh,3
Ywrrrrr asal mai ham Karachi kai Champ Saifi Bhaiii ko routa hua nhiii dekh skty na issliye match unko gift krdia hai... ğŸ‘ğŸ‘Unky mou pr khushi dekh kr dil khush hojata hai...ğŸ˜ğŸ˜ğŸ˜ğŸ˜˜,ywrrrrr asal mai ham karachi kai champ saifi bhaiii routa hua nhiii dekh skty issliye match unko gift krdia unky mou pr khushi dekh dil khush hojata,0
Itni khushi kisi bhi mard ko dekh kar nahi hoti. Mumkin hii nahi ğŸ˜¶,itni khushi kisi mard dekh nahi hoti mumkin hii nahi,0
Karachi ke harny ki khushi se ziada Lahore ke harny ka dukh hua tha,karachi ke harny khushi ziada lahore ke harny dukh hua,3
"Ek  C M ki language to dekho
 10 march ke baad garmi nikalne ki dhamki de raha hai 
  Mujhe khushi hai mumbai me hun",ek c m language dekho march ke baad garmi nikalne dhamki mujhe khushi mumbai me,3
"usey chaha bhi to kitne adab se yaaro
usey jane diya uski khushi se yaro",usey chaha kitne adab yaaro usey jane diya khushi yaro,3
QUETTA KE JEETNE SE ZYADA KARACHI KE HAARNE KI KHUSHI HORAHI HAI ğŸ¤ª,quetta ke jeetne zyada karachi ke haarne khushi horahi,3
Jokes apart mujhy Khushi nahi ho rahi Karachi ke harny ki I don't know why ğŸ¤§,jokes apart mujhy khushi nahi karachi ke harny i don t know why,3
Dukh is baat ka nahi hai Lahore haar gaya. Khushi is baat ki hai Karachi bhi nahi jeeta ğŸ˜‚ğŸ˜‚ğŸ™Œ,dukh baat nahi lahore haar khushi baat karachi nahi jeeta,3
"Meri Harr Khushi tujse juri,
Ab kahin nahi chain dou ghari ..â¤ï¸ğŸŒ¹âœ¨",meri harr khushi tujse juri kahin nahi chain dou ghari,3
Karachi ki haar pe salman iqbal ka sochta hun tou khushi hoti hai aur phr babar ka sochta hun tou dukh hota hai Ya Allah kaise imtehan main daldiya hai mujhe.,karachi haar salman iqbal sochta khushi hoti babar sochta dukh allah kaise imtehan daldiya mujhe,3
Babar ko gussa aa gya hai,babar gussa aa,2
Is baar toh psl ki bhi koi khushi na ho rhi,baar toh psl khushi rhi,3
Itnee se bhi khushi nahi horhi is out ki,itnee khushi nahi horhi out,3
"Besharm hi ho jate 
Ketni khushi se keh raha",besharm jate ketni khushi keh,3
"â€œab khushi de ke azmaa le khuda,

in ghamon se toh main nahi marta.â€

-Jaun Elia",khushi ke azmaa khuda in ghamon toh nahi marta jaun elia,3
"Kuch din kate hai ghum mein to kuch din khushi ke saath, Hota raha mazaq meri zindagi ke saath..

QUEEN RUBINA IN BB FINALE",din kate ghum mein din khushi ke saath mazaq meri zindagi ke saath queen rubina in bb finale,2
"Teja ne aaj maaje maaje mein kya dhoya hai bapat ki... Aap chahe jitna bhi mujhse gussa ho ya udaas ho still I consider u as my guru &amp; elder brother

VIJAYI BHAVA TEJASSWI",teja aaj maaje maaje mein dhoya bapat aap chahe jitna mujhse gussa udaas still i consider u as my guru amp elder brother vijayi bhava tejasswi,2
"Kabhi Khushi kabhi gham 
ASLI WINNER UMAR RIAZ",kabhi khushi kabhi gham asli winner umar riaz,4
Jo nahi hai uska gham manate manate jo hai uski khushi bhi cheen jaayegi.,nahi uska gham manate manate khushi cheen jaayegi,3
Yr bara fazool din guzra hai sirf karachi k harne ki khushi hui hai mujje,yr bara fazool din guzra sirf karachi k harne khushi mujje,3
"Woh dard hi kya jo aankhon se behjaaye, 
woh khushi hi kya jo hothon pe reh jaaye, 
kabhi toh samjho khaamoshi hamaari, woh baat hi kya jo aasaani se alfaaz banjaaye.",dard aankhon behjaaye khushi hothon reh jaaye kabhi toh samjho khaamoshi hamaari baat aasaani alfaaz banjaaye,2
Kahan sy laate ho itni khushi? Humare paas toh nahi hai.,kahan laate itni khushi humare paas toh nahi,3
"Aur bhai janab ka gussa aag h aag 

FATEH SINGH VIRK",bhai janab gussa aag h aag fateh singh virk,2
"Tara milna khushi ki baat sahi
Tujh say mill kar udaas rehta hu ğŸ¥€",tara milna khushi baat sahi tujh say mill udaas rehta hu,3
"Dukhaaun main dil jaate jaate tera
Mera aisa koi iraada nahi
Chhupa lunga main hans ke aansu mere
Yeh teri khushi se toh zyada nahi......",dukhaaun dil jaate jaate tera mera aisa iraada nahi chhupa lunga hans ke aansu mere teri khushi toh zyada nahi,3
Aap Gussa Aane pr kiya karty ho?,aap gussa aane pr kiya karty,0
diii khushi ka thikha na hi nhi bhaiiiiiiiii,diii khushi thikha nhi bhaiiiiiiiii,3
"Tujhe  dard ho marz sirf mere pass ho tujhe nasha ho sirf mera ho
tujhe khushi du jo koi or de na sake, tujhe rulau koi mana na sake, manzil bhi mai or rasta bhi mein ho tujhse door or pass bhi mein hou, tera din teri raat sirf mujhse ho tera suraj bhi mein or chand bhi mujhsa ho",tujhe dard marz sirf mere pass tujhe nasha sirf mera tujhe khushi du or sake tujhe rulau mana sake manzil mai or rasta mein tujhse door or pass mein hou tera din teri raat sirf mujhse tera suraj mein or chand mujhsa,2
Aik meri BLOCKLIST hai !!!  Jahan poora KHANDAN  hansi khushi  rhta hai ğŸ˜‚ğŸ”ª,aik meri blocklist jahan poora khandan hansi khushi rhta,3
"""gham aur khushi mein fark na mehsoos ho jahan, main dil ko us maqaam pe laata chala gaya""

- Sahir Ludhianvi",gham khushi mein fark mehsoos jahan dil maqaam laata chala sahir ludhianvi,3
"Sari batien ek taraf 
Karachi or lahore ki haar ki khushi ek taraf â¤ğŸ’ƒ",sari batien ek taraf karachi or lahore haar khushi ek taraf,3
"Isliye mujhe gussa aa raha hai ab ...
ASLI WINNER UMAR RIAZ",isliye mujhe gussa aa asli winner umar riaz,4
bhai sab sahi bas gussa bohot aata hai ab chala ja apna mu tudvane se phele,bhai sab sahi bas gussa bohot aata chala apna mu tudvane phele,2
"Kabhi khushi kabhi gham

ASLI WINNER UMAR RIAZ",kabhi khushi kabhi gham asli winner umar riaz,4
Saari Khushiyan ek taraf aur ek chuhedaani mein do chuhe ek saath pakdne ki khushi ek taraf.,saari khushiyan ek taraf ek chuhedaani mein do chuhe ek saath pakdne khushi ek taraf,2
"Naseem ""bhot khushi ho rahi hai camera sy bat krty huy kyun k ye camera tabhi puchti hai jab koi achi performance deta hai""
Cute â¤",naseem bhot khushi camera bat krty huy kyun k ye camera tabhi puchti jab achi performance deta cute,3
â€œkhushi ho rahi k camera se baat ho rhi hai kyun koi accha perform karta tabhi hoti haiâ€ pls he's so adorable ğŸ˜‚ğŸ¥º,khushi k camera baat rhi kyun accha perform karta tabhi hoti pls he s so adorable,3
"Arnav Ã— Khushi 
Asad Ã— Zoya",arnav khushi asad zoya,3
"""Itni khushi mughe aaj takk nahi hui"" bolne ka chance hi nahi mil raha hai.",itni khushi mughe aaj takk nahi bolne chance nahi,3
"""Tum mere ho mujhko yakeen tah,
Jhoota tha mager kitna haseen tah.""",tum mere mujhko yakeen tah jhoota mager kitna haseen tah,3
Nephewji ko gussa kiyon Aya?kaya usko bola tha?,nephewji gussa kiyon aya kaya usko bola,2
Kabhi khushi kabhie gham dan Dil Hai Tumhara ga pernah gagal bikin nangis....,kabhi khushi kabhie gham dan dil tumhara pernah gagal bikin nangis,2
Karachi k jeetna ki Mjha Iti khushi nai hoti jitni lol qalandars k harna ki hoti ha ğŸ™ƒ,karachi k jeetna mjha iti khushi hoti jitni lol qalandars k harna hoti ha,3
Karachi walay yehi deserve karte hain ngl. Khushi hui.,karachi walay deserve karte ngl khushi,3
Jitni khushi se mein uss waiter ko dekhti hu jo mere liye khana la rha hai utni khushi se toh mene aaj tak apne kisi crush ko bhi nhi dekha hoga.,jitni khushi mein uss waiter dekhti hu mere khana la utni khushi toh mene aaj tak apne kisi crush nhi dekha hoga,0
Jitna dukh lahore ke harny ka hua us se double khushi Karachi ki batting ph horhi ha ğŸ˜‚,jitna dukh lahore ke harny hua double khushi karachi batting ph horhi ha,3
"Ø§Ù„Ù„Û Ø¨Ú¾Ù„Ø§ Ú©Ø±Û’ Ø§Ù† Ø§ÛŒÙ…ÙˆØ¬ÛŒØ² Ú©Ø§ ğŸ¤·â€â™€ï¸
Ø¨Ù†Ø¯Û Ù…Ù†Û Ú©Ùˆ Ø²Ø­Ù…Øª Ø¯ÛŒÛ’ Ø¨ØºÛŒØ± ÛÙ†Ø³ Ù„ÛŒØªØ§ ÛÛ’ğŸ˜‚
Ø±Ùˆ Ù„ÛŒØªØ§ ÛÛ’ğŸ˜­ Ù…Ø­Ø¨Øª Ú©Ø± Ù„ÛŒØªØ§ ÛÛ’ğŸ˜ Ø§ÙˆØ± Ù¾ÛŒØ§Ø± Ø¨Ú¾ÛŒ Ø¯Û’ Ø³Ú©ØªØ§ ÛÛ’ ğŸ˜˜

ğŸ˜‚ğŸ¤£ğŸ¤­",,3
Uss din kitni khushi thi hume aur aaj? Aaj ese lag raha he kuch ni bacha humari iss choti Si dunya me. Sab badal sa gaya he. Hum sab kitne udaas hein.,uss din kitni khushi hume aaj aaj ese lag he ni bacha humari iss choti si dunya me sab badal sa he sab kitne udaas hein,2
"ghum aur khushi mei fark na mehsoos ho jahan,
main dil ko uss maqaam pe lata chala gaya.",ghum khushi mei fark mehsoos jahan dil uss maqaam lata chala,3
"Hum khammosh thy !!
Unki Khushi ky liye...
Aur unhy lgaa hmmye koi gilla hi nhi...!! ğŸŒ¸",khammosh unki khushi ky unhy lgaa hmmye gilla nhi,3
"Sab ka ek hi solution.
Sirf sleep .",sab ek solution sirf sleep,2
"Milne ki khushi hai ya bichadne ka gum,
Ankhon mein aansu hai ya udas hai ham,
Kaise kahain k kaisey hain ham,
Bas itna samaj lena k tum bin bohat akele hai hamâ€¦
ASLI WINNER UMAR RIAZ",milne khushi bichadne gum ankhon mein aansu udas ham kaise kahain k kaisey ham bas itna samaj lena k tum bin bohat akele ham asli winner umar riaz,4
Sarfraz ki zindagi mai akhri khushi 2017 mai ayi thi,sarfraz zindagi mai akhri khushi mai,2
Chakka mara lakin khushi nahi hui.,chakka mara lakin khushi nahi,3
"life me sirf sufferings mili hai,
sukoon aur khushi milte toh baat hi alag hoti.",life me sirf sufferings mili sukoon khushi milte toh baat alag hoti,3
"ğ˜ğ˜¶ğ˜´ğ˜¯ ğ˜¦ ğ˜’ğ˜ªğ˜³ğ˜¥ğ˜¢ğ˜³ ğ˜´ğ˜¢ ğ˜¯ğ˜°ğ˜°ğ˜³ ğ˜¦ ğ˜®ğ˜¶ğ˜«ğ˜¢ğ˜´ğ˜´ğ˜¢ğ˜® ğ˜©ğ˜°ğ˜«ğ˜¢âœ¨ğŸŒ¹
ğ˜’ğ˜¦ ğ˜ªğ˜£ğ˜­ğ˜¦ğ˜¦ğ˜´ ğ˜£ğ˜©ğ˜ª ğ˜µğ˜¶ğ˜«ğ˜©ğ˜¢ ğ˜¥ğ˜¦ğ˜¬ğ˜©ğ˜¢ ğ˜µğ˜° ğ˜”ğ˜¶ğ˜´ğ˜¢ğ˜­ğ˜®ğ˜¢ğ˜¢ğ˜® ğ˜©ğ˜°ğ˜«ğ˜¢ğ˜ªğŸ’«ğŸ¥€",,3
"Agar shivi ki remarriage hogi toh baakio ki bhi hogiğŸ¤¡quiki na hi deShit aur na hi gadha ki happy marriage hui thiğŸ™‚
Toh maa bolegi ki sab ki dobara khushi se dhum dham se shadi hogiğŸ¤§ğŸ¤¡",agar shivi remarriage hogi toh baakio hogi quiki deshit gadha happy marriage toh maa bolegi sab dobara khushi dhum dham shadi hogi,3
"cheen liya remote, itni si hi khushi thi meri tv pe match dekhne ki ğŸ˜­ğŸ˜­",cheen liya remote itni si khushi meri tv match dekhne,3
"Gussa  aa raha hai...
Pause episode now kya karu?
VIJAYI BHAVA TEJASSWI",gussa aa pause episode now karu vijayi bhava tejasswi,2
"Troops "" uncle "" ki bak bak sunne ke baad bhohot gussa araha hai then pura josh live voting mein dikhao 

And just pray for teja

VIJAYI BHAVA TEJASSWI",troops uncle bak bak sunne ke baad bhohot gussa araha then pura josh live voting mein dikhao and just pray for teja vijayi bhava tejasswi,2
Aap Gussa Aane pr kiya karty ho?,aap gussa aane pr kiya karty,0
DAMN AIK AUR OUT HOJATA MAINE KHUSHI SE MARJANA THA,damn aik out hojata maine khushi marjana,3
Karachities ki khushi ka duration 6:30-7:54,karachities khushi duration,3
"Khushi

ASLI WINNER UMAR RIAZ",khushi asli winner umar riaz,4
Karachi kay harnay ki khushi &gt;&gt;,karachi kay harnay khushi gt gt,3
ab bs karachi jeety to khushi double hojye,bs karachi jeety khushi double hojye,3
"â€œhar ek muskurahat muskan nahi hoti
nafrat ho ya mohabbat aasan nahi hoti
aansu khushi ke gham ke hote hai ek jaise
in aansuo ki koi pehchan nahi hotiâ€

- Anand Bakshi",har ek muskurahat muskan nahi hoti nafrat mohabbat aasan nahi hoti aansu khushi ke gham ke hote ek jaise in aansuo pehchan nahi hoti anand bakshi,3
Muhabbat Mai Tu Pargai Tu Ishq Ki Suli Chargai Tere Ekrar Ko Sunke Khushi Se Ankhen Bhargai ğŸ˜‚ğŸ˜,muhabbat mai pargai ishq suli chargai tere ekrar sunke khushi ankhen bhargai,3
"Pyaar deewana hota hai Mastana hota hai har khushi se har gham se begana hota hai.
ASLI WINNER UMAR RIAZ",pyaar deewana mastana har khushi har gham begana asli winner umar riaz,4
